name,release_date,required_age,price,dlc_count,qtd_user_score,user_score,metacritic_score,achievements,developers,publishers,estimated_owners,min_owners,max_owners,discount,count_lang,count_lang_audio,art_style,main_end_time,Ação,Arcade,Atmosférico,Aventura,Baseado em Turnos,Caótico,Casual,Cinematográfico,Combate,Comédia,Competitivo,Construção,Controle por Movimento,Cooperativo,Corrida,Criação de Personagem,Crossover,Detetive,Difícil,DIY (Faça Você Mesmo),Educacional,Esportes,Estilizado,Estratégia,Exploração,Familiar,Fantasia,Fantasia Sombria,Ficção Científica,Fitness (Exergame),FMV (Full Motion Video),Furtividade (Stealth),Gratuito (Free-to-Play),Guerra,Hack and Slash,Histórico,Ilusão de Ótica,Indie,Isométrico,Jogo de Cartas,Loop Temporal,Luta (Fighting Game),Mecha,Metroidvania,Mistério,Mitologia,Multiplayer,Mundo Aberto,Narrativo,Ótima Trilha Sonora,Party Game,Pixel Art,Plataforma,Poker,Psicodélico,Puzzle,Rail Shooter,Relaxante,Remake,Ritmo,RPG,Roguelite,Sandbox,Shooter,Simulação,Sombrio (Dark),Soulslike,Super-herói,Supernatural,Terror,Toys-to-Life,Voxel
13 Sentinels: Aegis Rim,2022/04/12,13.0,59.99,3.0,546.0,8.9,85.0,56.0,"[""Vanillaware""]","[""Atlus"", ""SEGA""]",1000000,,,0.0,5.0,5.0,Anime,30,0,0,0,0,0,0,0,0,0,0,0,0,0,0,0,0,0,0,0,0,0,0,0,1,0,0,0,0,1,0,0,0,0,0,0,0,0,0,0,0,0,0,1,0,0,0,0,0,1,0,0,0,0,0,0,0,0,0,0,0,0,0,0,0,0,0,0,0,0,0,0,0
A Plague Tale: Innocence,2019/05/14,17.0,7.99,1.0,2217.0,8.3,81.0,35.0,['Asobo Studio'],['Focus Entertainment'],1500000,1000000,2000000,80.0,14.0,4.0,Realista,10,1,0,0,1,0,0,0,0,0,0,0,0,0,0,0,0,0,0,0,0,0,0,0,0,0,0,0,0,0,0,0,1,0,0,0,0,0,0,0,0,0,0,0,0,0,0,0,0,1,0,0,0,0,0,0,0,0,0,0,0,0,0,0,0,0,1,0,0,0,0,0,0
A Plague Tale: Requiem,2022/10/18,0.0,19.99,1.0,1604.0,8.3,82.0,35.0,['Asobo Studio'],['Focus Entertainment'],750000,500000,1000000,60.0,16.0,6.0,Realista,17,1,0,0,1,0,0,0,0,0,0,0,0,0,0,0,0,0,0,0,0,0,0,0,0,0,0,0,0,0,0,0,1,0,0,0,0,0,0,0,0,0,0,0,0,0,0,0,0,1,0,0,0,0,0,0,0,0,0,0,0,0,0,0,0,0,1,0,0,0,0,0,0
Alan Wake 2,2023/10/27,18.0,59.99,1.0,3894.0,8.5,89.0,88.0,['Remedy Entertainment'],['Epic Games Publishing'],2000000,,,0.0,14.0,5.0,Realista,18,0,0,0,1,0,0,0,0,0,0,0,0,0,0,0,0,0,1,0,0,0,0,0,0,0,0,0,0,0,0,0,0,0,0,0,0,0,0,0,0,0,0,0,0,1,0,0,0,1,0,0,0,0,0,0,0,0,0,0,0,0,0,0,0,0,0,0,0,0,1,0,0
Animal Crossing: New Horizons,2020/03/20,0.0,59.99,1.0,7299.0,5.9,90.0,0.0,"[""Nintendo EPD""]","[""Nintendo""]",45000000,,,0.0,14.0,14.0,Cartoon,60,0,0,0,0,0,0,0,0,0,0,0,0,0,0,0,0,0,0,0,0,0,0,0,0,0,1,0,0,0,0,0,0,0,0,0,0,0,0,0,0,0,0,0,0,0,0,1,0,0,0,0,0,0,0,0,0,0,1,0,0,0,0,0,0,1,0,0,0,0,0,0,0
ANIMAL WELL,2024/05/09,0.0,24.99,0.0,664.0,8.1,91.0,20.0,['Billy Basso'],['Bigmode'],350000,200000,500000,40.0,14.0,0.0,Pixel Art,6,0,0,0,0,0,0,0,0,0,0,0,0,0,0,0,0,0,0,0,0,0,0,0,0,1,0,0,0,0,0,0,0,0,0,0,0,0,1,0,0,0,0,0,1,0,0,0,0,0,0,0,0,1,0,0,1,0,0,0,0,0,0,0,0,0,0,0,0,0,0,0,0
Assassin's Creed® Odyssey,2018/10/05,17.0,11.99,3.0,5440.0,6.9,83.0,93.0,"['Ubisoft Quebec', 'Ubisoft Montreal', 'Ubisoft Bucharest', 'Ubisoft Singapore', 'Ubisoft Montpellier', 'Ubisoft Kiev', 'Ubisoft Shanghai']",['Ubisoft'],3500000,2000000,5000000,80.0,15.0,9.0,Realista,45,1,0,0,1,0,0,0,0,0,0,0,0,0,0,0,0,0,0,0,0,0,0,0,0,0,0,0,0,0,0,0,0,0,0,0,1,0,0,0,0,0,0,0,0,0,0,0,1,1,0,0,0,0,0,0,0,0,0,0,0,1,0,0,0,0,0,0,0,0,0,0,0
Astro Bot,2024/09/06,0.0,59.99,5.0,5341.0,9.1,94.0,44.0,['Team Asobi'],['Sony Interactive Entertainment'],2500000,,,32.0,30.0,26.0,Cartoon,10,1,0,0,1,0,0,0,0,0,0,0,0,0,0,0,0,0,0,0,0,0,0,0,0,0,1,0,0,0,0,0,0,0,0,0,0,0,0,0,0,0,0,0,0,0,0,0,0,0,0,0,0,1,0,0,0,0,0,0,0,0,0,0,0,0,0,0,0,0,0,0,0
Axiom Verge,2015/03/31,0.0,19.99,1.0,248.0,7.7,80.0,29.0,['Thomas Happ Games LLC'],['Thomas Happ Games LLC'],350000,200000,500000,0.0,8.0,0.0,Pixel Art,10,1,0,0,1,0,0,0,0,0,0,0,0,0,0,0,0,0,0,0,0,0,0,0,0,0,0,0,0,0,0,0,0,0,0,0,0,0,1,0,0,0,0,0,1,0,0,0,0,0,0,0,1,0,0,0,0,0,0,0,0,0,0,0,0,0,0,0,0,0,0,0,0
Baba Is You,2019/03/13,0.0,14.99,1.0,198.0,7.9,87.0,18.0,['Hempuli Oy'],['Hempuli Oy'],750000,500000,1000000,0.0,17.0,0.0,Minimalista,6,0,0,0,0,0,0,0,0,0,0,0,0,0,0,0,0,0,0,0,0,0,0,0,0,0,0,0,0,0,0,0,0,0,0,0,0,0,1,0,0,0,0,0,0,0,0,0,0,0,0,0,1,0,0,0,1,0,0,0,0,0,0,0,0,0,0,0,0,0,0,0,0
Balatro,2024/02/20,0.0,14.99,1.0,1516.0,8.4,90.0,31.0,['LocalThunk'],['Playstack'],3500000,2000000,5000000,0.0,12.0,0.0,Pixel Art,5,0,0,0,0,0,0,0,0,0,0,0,0,0,0,0,0,0,0,0,0,0,0,0,1,0,0,0,0,0,0,0,0,0,0,0,0,0,1,0,1,0,0,0,0,0,0,0,0,0,0,0,0,0,1,0,0,0,0,0,0,0,1,0,0,0,0,0,0,0,0,0,0
Baldur's Gate 3,2023/08/03,17.0,59.99,2.0,19788.0,9.2,96.0,54.0,['Larian Studios'],['Larian Studios'],35000000,20000000,50000000,0.0,15.0,2.0,Realista,60,0,0,0,0,1,0,0,0,0,0,0,0,0,0,0,0,0,0,0,0,0,0,0,0,0,0,1,0,0,0,0,0,0,0,0,0,0,0,0,0,0,0,0,0,0,0,0,0,1,0,0,0,0,0,0,0,0,0,0,0,1,0,0,0,0,0,0,0,0,0,0,0
Bayonetta 2,2014/09/20,17.0,49.99,0.0,1535.0,8.9,91.0,0.0,['Platinum Games Inc.'],['Nintendo'],2000000,,,0.0,2.0,2.0,Estilizado,9,1,0,0,1,0,0,0,0,1,0,0,0,0,0,0,0,0,0,0,0,0,0,1,0,0,0,0,0,0,0,0,0,0,0,1,0,0,0,0,0,0,0,0,0,0,0,0,0,0,0,0,0,0,0,0,0,0,0,0,0,0,0,0,0,0,0,0,0,0,0,0,0
Black Myth: Wukong,2024/08/20,13.0,59.99,2.0,7910.0,8.2,81.0,81.0,['Game Science'],['Game Science'],75000000,50000000,100000000,0.0,13.0,3.0,Realista,35,1,0,0,0,0,0,0,0,0,0,0,0,0,0,0,0,0,0,0,0,0,0,0,0,0,0,1,0,0,0,0,0,0,0,0,0,0,0,0,0,0,0,0,0,0,1,0,0,0,0,0,0,0,0,0,0,0,0,0,0,1,0,0,0,0,0,1,0,0,0,0,0
Bloodborne,2015/03/24,17.0,19.99,2.0,13998.0,8.9,92.0,34.0,['FromSoftware'],['Sony Computer Entertainment'],8000000,,,50.0,16.0,7.0,Realista,33,1,0,0,0,0,0,0,0,0,0,0,0,0,0,0,0,0,0,1,0,0,0,0,0,0,0,0,1,0,0,0,0,0,0,0,0,0,0,0,0,0,0,0,0,0,0,0,0,0,0,0,0,0,0,0,0,0,0,0,0,1,0,0,0,0,0,1,0,0,1,0,0
Broken Age Act I,2014/01/28,10.0,14.99,0.0,361.0,7.7,82.0,45.0,['Double Fine Productions'],['Double Fine Productions'],1000000,,,90.0,6.0,2.0,Cartoon,4,0,0,0,1,0,0,0,0,0,0,0,0,0,0,0,0,0,0,0,0,0,0,0,0,0,0,0,0,0,0,0,0,0,0,0,0,0,1,0,0,0,0,0,0,0,0,0,0,1,0,0,0,0,0,0,1,0,0,0,0,0,0,0,0,0,0,0,0,0,0,0,0
CARRION,2020/07/23,0.0,19.99,2.0,390.0,7.5,75.0,21.0,['Phobia Game Studio'],['Devolver Digital'],1500000,1000000,2000000,0.0,11.0,2.0,Pixel Art,4,1,0,0,0,0,0,0,0,0,0,0,0,0,0,0,0,0,0,0,0,0,0,0,0,0,0,0,0,0,0,0,0,0,0,0,0,0,1,0,0,0,0,0,1,0,0,0,0,0,0,0,1,0,0,0,0,0,0,0,0,0,0,0,0,0,0,0,0,0,1,0,0
Celeste,2018/01/25,0.0,19.99,1.0,2408.0,8.7,88.0,32.0,"['Maddy Makes Games Inc.', 'Extremely OK Games, Ltd.']",['Maddy Makes Games Inc.'],3500000,2000000,5000000,0.0,9.0,0.0,Pixel Art,10,0,0,0,0,0,0,0,0,0,0,0,0,0,0,0,0,0,0,1,0,0,0,0,0,0,0,0,0,0,0,0,0,0,0,0,0,0,1,0,0,0,0,0,0,0,0,0,0,0,1,0,1,1,0,0,0,0,0,0,0,0,0,0,0,0,0,0,0,0,0,0,0
COCOON,2023/09/29,0.0,24.99,1.0,692.0,8.1,88.0,17.0,['Geometric Interactive'],['Annapurna Interactive'],350000,200000,500000,0.0,17.0,0.0,Low Poly,5,0,0,0,1,0,0,0,0,0,0,0,0,0,0,0,0,0,0,0,0,0,0,0,0,1,0,0,0,1,0,0,0,0,0,0,0,0,1,0,0,0,0,0,0,0,0,0,0,0,0,0,0,0,0,0,1,0,0,0,0,0,0,0,0,0,0,0,0,0,0,0,0
Control,2019/08/27,17.0,39.99,0.0,3125.0,7.3,85.0,67.0,['Remedy Entertainment'],['Remedy Entertainment'],1500000,1000000,2000000,0.0,13.0,5.0,Realista,11,1,0,0,1,0,0,0,0,0,0,0,0,0,0,0,0,0,0,0,0,0,0,0,0,0,0,0,0,1,0,0,0,0,0,0,0,0,0,0,0,0,0,0,1,0,0,0,0,0,0,0,0,0,0,0,0,0,0,0,0,0,0,0,1,0,0,0,0,1,0,0,0
Crash Bandicoot™ 4: It's About Time,2020/10/02,10.0,39.99,0.0,1233.0,8.1,85.0,51.0,"['Toys for Bob, Beenox, Activision Shanghai, Hardsuit Labs,  Iron Galaxy Studios']",['Activision'],5000000,,,50.0,11.0,9.0,Cartoon,10,1,0,0,1,0,0,0,0,0,0,0,0,0,0,0,0,0,0,1,0,0,0,0,0,0,1,0,0,0,0,0,0,0,0,0,0,0,0,0,0,0,0,0,0,0,0,0,0,0,0,0,0,1,0,0,0,0,0,0,0,0,0,0,0,0,0,0,0,0,0,0,0
Cult of the Lamb,2022/08/11,0.0,24.99,6.0,756.0,7.8,82.0,48.0,['Massive Monster'],['Devolver Digital'],3500000,2000000,5000000,0.0,10.0,0.0,Cartoon,14,1,0,0,0,0,0,0,0,0,0,0,0,0,0,0,0,0,0,0,0,0,0,0,0,0,0,0,1,0,0,0,0,0,0,0,0,0,1,0,0,0,0,0,0,0,0,0,0,0,0,0,0,0,0,0,0,0,0,0,0,0,1,0,0,1,0,0,0,0,0,0,0
Cuphead,2017/09/29,0.0,19.99,3.0,2034.0,8.5,88.0,42.0,['Studio MDHR Entertainment Inc.'],['Studio MDHR Entertainment Inc.'],7500000,5000000,10000000,0.0,12.0,0.0,Cartoon,10,1,0,0,0,0,0,0,0,0,0,0,0,0,0,0,0,0,0,1,0,0,0,0,0,0,0,0,0,0,0,0,0,0,0,0,0,0,1,0,0,0,0,0,0,0,0,0,0,0,0,0,0,1,0,0,0,0,0,0,0,0,0,0,0,0,0,0,0,0,0,0,0
Cyberpunk 2077,2020/12/10,17.0,59.99,3.0,38603.0,7.3,86.0,57.0,['CD PROJEKT RED'],['CD PROJEKT RED'],35000000,20000000,50000000,0.0,19.0,12.0,Realista,25,1,0,0,1,0,0,0,0,0,0,0,0,0,0,0,0,0,0,0,0,0,0,0,0,0,0,0,0,1,0,0,0,0,0,0,0,0,0,0,0,0,0,0,0,0,0,0,1,0,0,0,0,0,0,0,0,0,0,0,0,1,0,0,1,0,0,0,0,0,0,0,0
DARK SOULS™ II,2014/03/11,0.0,39.99,3.0,2566.0,7.7,91.0,38.0,"['FromSoftware, Inc.']","['BANDAI NAMCO Entertainment', 'FromSoftware, Inc.']",1500000,1000000,2000000,0.0,10.0,2.0,Realista,44,1,0,0,1,0,0,0,0,0,0,0,0,0,0,0,0,0,0,1,0,0,0,0,0,0,0,0,1,0,0,0,0,0,0,0,0,0,0,0,0,0,0,0,0,0,0,0,0,0,0,0,0,0,0,0,0,0,0,0,0,1,0,0,0,0,0,1,0,0,0,0,0
DAVE THE DIVER,2023/06/28,0.0,19.99,2.0,1017.0,8.2,90.0,43.0,['MINTROCKET'],['MINTROCKET'],3500000,2000000,5000000,0.0,11.0,0.0,Pixel Art,23,0,0,0,1,0,0,1,0,0,0,0,0,0,0,0,0,0,0,0,0,0,0,0,0,1,0,0,0,0,0,0,0,0,0,0,0,0,0,0,0,0,0,0,0,0,0,0,0,0,0,0,0,0,0,0,0,0,0,0,0,1,0,0,0,1,0,0,0,0,0,0,0
Dead Cells,2017/05/10,0.0,12.49,8.0,1202.0,8.3,89.0,121.0,['Motion Twin'],['Motion Twin'],7500000,5000000,10000000,50.0,13.0,13.0,Pixel Art,14,1,0,0,0,0,0,0,0,0,0,0,0,0,0,0,0,0,0,0,0,0,0,0,0,0,0,0,0,0,0,0,0,0,0,0,0,0,1,0,0,0,0,0,1,0,0,0,0,0,0,0,0,1,0,0,0,0,0,0,0,0,1,0,0,0,0,0,0,0,0,0,0
DEATH STRANDING,2019/11/08,0.0,39.99,1.0,19731.0,7.4,85.0,63.0,['KOJIMA PRODUCTIONS'],['505 Games'],1500000,1000000,2000000,0.0,20.0,13.0,Realista,40,1,0,0,0,0,0,0,0,0,0,0,0,0,0,0,0,0,0,0,0,0,0,0,0,0,0,0,0,1,0,0,0,0,0,0,0,0,0,0,0,0,0,0,0,0,0,0,1,1,0,0,0,0,0,0,0,0,0,0,0,0,0,0,0,0,0,0,0,0,0,0,0
Death's Door,2021/07/20,0.0,19.99,2.0,530.0,8.1,85.0,24.0,['Acid Nerve'],['Devolver Digital'],750000,500000,1000000,0.0,10.0,0.0,Low Poly,9,1,0,0,1,0,0,0,0,0,0,0,0,0,0,0,0,0,0,0,0,0,0,0,0,0,0,1,0,0,0,0,0,0,0,0,0,0,1,1,0,0,0,0,0,0,0,0,0,0,0,0,0,0,0,0,0,0,0,0,0,1,0,0,0,0,0,0,0,0,0,0,0
DEATHLOOP,2021/09/14,17.0,59.99,2.0,1980.0,6.8,87.0,58.0,['Arkane Studios'],['Bethesda Softworks'],1500000,1000000,2000000,0.0,14.0,11.0,Estilizado,16,1,0,0,0,0,0,0,0,0,0,0,0,0,0,0,0,0,0,0,0,0,0,0,0,0,0,0,0,0,0,0,1,0,0,0,0,0,0,0,0,1,0,0,0,0,0,0,0,0,0,0,0,0,0,0,0,0,0,0,0,0,0,0,1,0,0,0,0,0,0,0,0
Detroit: Become Human,2018/05/25,17.0,11.99,0.0,8439.0,8.7,80.0,48.0,['Quantic Dream'],['Quantic Dream'],3500000,2000000,5000000,70.0,24.0,13.0,Realista,12,0,0,0,1,0,0,0,1,0,0,0,0,0,0,0,0,0,0,0,0,0,0,0,0,0,0,0,0,1,0,0,0,0,0,0,0,0,0,0,0,0,0,0,0,0,0,0,0,1,0,0,0,0,0,0,0,0,0,0,0,0,0,0,0,0,0,0,0,0,0,0,0
Disco Elysium,2019/10/15,0.0,39.99,2.0,1927.0,8.5,97.0,45.0,['ZA/UM'],['ZA/UM'],3500000,2000000,5000000,0.0,13.0,2.0,Pintura,22,0,0,0,0,0,0,0,0,0,0,0,0,0,0,0,0,0,1,0,0,0,0,0,0,0,0,0,0,0,0,0,0,0,0,0,0,0,0,1,0,0,0,0,0,0,0,0,1,1,0,0,0,0,0,0,0,0,0,0,0,1,0,0,0,0,0,0,0,0,0,0,0
Disney Illusion Island,2023/07/28,0.0,29.99,3.0,76.0,6.5,73.0,52.0,"[""Dlala Studios""]","[""Disney Electronic Content""]",3000000,,,30.0,9.0,9.0,Cartoon,7,0,0,0,1,0,0,0,0,0,0,0,0,0,1,0,0,0,0,0,0,0,0,0,0,0,1,0,0,0,0,0,0,0,0,0,0,0,0,0,0,0,0,0,1,0,0,1,0,0,0,0,0,1,0,0,0,0,0,0,0,0,0,0,0,0,0,0,0,0,0,0,0
Disney Infinity 3.0,2015/08/28,10.0,7.49,2.0,107.0,6.1,80.0,26.0,"[""Avalanche Software, Heavy Iron Studios""]",['Disney'],2000000,,,80.0,8.0,8.0,Cartoon,6,1,0,0,1,0,0,0,0,0,0,0,0,0,0,0,0,0,0,0,0,0,0,0,0,0,1,0,0,0,0,0,0,0,0,0,0,0,0,0,0,0,0,0,0,0,0,0,1,0,0,0,0,0,0,0,0,0,0,0,0,0,0,0,0,0,0,0,0,0,1,0,0
Disney Infinity: Marvel Super Heroes,2014/09/18,10.0,74.99,0.0,100.0,5.1,60.0,0.0,"[""Avalanche Software"", ""Heavy Iron Studios""]",['Disney'],3000000,,,80.0,6.0,6.0,Cartoon,5,1,0,0,1,0,0,0,0,0,0,0,0,0,0,0,0,0,0,0,0,0,0,0,0,0,1,0,0,0,0,0,0,0,0,0,0,0,0,0,0,0,0,0,0,0,0,0,1,0,0,0,0,0,0,0,0,0,0,0,0,0,0,0,0,0,0,0,0,0,1,0,0
DOOM,2016/05/13,17.0,19.99,1.0,3800.0,8.5,85.0,54.0,['id Software'],['Bethesda Softworks'],3500000,2000000,5000000,0.0,10.0,10.0,Realista,11,1,0,0,0,0,0,0,0,0,0,0,0,0,0,0,0,0,0,0,0,0,0,0,0,0,0,0,0,0,0,0,0,0,0,0,0,0,0,0,0,0,0,0,0,0,0,0,0,0,1,0,0,0,0,0,0,0,0,0,1,0,0,0,1,0,0,0,0,0,0,0,0
DOOM Eternal,2020/03/20,17.0,39.99,13.0,6102.0,8.5,88.0,50.0,['id Software'],['Bethesda Softworks'],7500000,5000000,10000000,0.0,13.0,10.0,Realista,14,1,0,0,0,0,0,0,0,0,0,0,0,0,0,0,0,0,0,0,0,0,0,0,0,0,0,0,0,0,0,0,0,0,0,0,0,0,0,0,0,0,0,0,0,0,0,0,0,0,1,0,0,0,0,0,0,0,0,0,1,0,0,0,1,0,0,0,0,0,0,0,0
Dragon Age™ Inquisition,2014/11/18,0.0,39.99,0.0,5504.0,6.1,85.0,69.0,['BioWare'],['Electronic Arts'],750000,500000,1000000,0.0,9.0,4.0,Realista,46,1,0,0,1,0,0,0,0,0,0,0,0,0,0,0,0,0,0,0,0,0,0,0,0,0,0,1,0,0,0,0,0,0,0,0,0,0,0,0,0,0,0,0,0,0,0,0,1,0,0,0,0,0,0,0,0,0,0,0,0,1,0,0,0,0,0,0,0,0,0,0,0
DRAGON QUEST BUILDERS,2016/01/28,0.0,27.99,0.0,221.0,7.7,83.0,20.0,['Square Enix'],['Square Enix'],10000,0,20000,0.0,11.0,0.0,Voxel,40,1,0,0,0,0,0,0,0,0,0,0,1,0,0,0,0,0,0,0,0,0,0,0,0,0,0,0,0,0,0,0,0,0,0,0,0,0,0,0,0,0,0,0,0,0,0,0,1,0,0,0,0,0,0,0,0,0,0,0,0,1,0,1,0,0,0,0,0,0,0,0,1
DREDGE,2023/03/30,0.0,24.99,5.0,563.0,7.9,80.0,60.0,['Black Salt Games'],['Team17'],1500000,1000000,2000000,0.0,12.0,0.0,Low Poly,9,0,0,0,1,0,0,0,0,0,0,0,0,0,0,0,0,0,0,0,0,0,0,0,0,1,0,0,0,0,0,0,0,0,0,0,0,0,0,0,0,0,0,0,0,0,0,0,0,0,0,0,0,0,0,0,0,0,0,0,0,1,0,0,0,0,0,0,0,0,1,0,0
ELDEN RING,2022/02/25,16.0,59.99,2.0,21522.0,8.3,96.0,42.0,"['FromSoftware, Inc.']","['FromSoftware, Inc.', 'Bandai Namco Entertainment']",35000000,20000000,50000000,0.0,15.0,2.0,Realista,58,1,0,0,0,0,0,0,0,0,0,0,0,0,0,0,0,0,0,1,0,0,0,0,0,0,0,0,1,0,0,0,0,0,0,0,0,0,0,0,0,0,0,0,0,0,0,0,1,0,0,0,0,0,0,0,0,0,0,0,0,1,0,0,0,0,0,1,0,0,0,0,0
Fall Guys,2020/08/04,0.0,0.0,0.0,1637.0,6.8,80.0,34.0,['Mediatonic'],['Devolver Digital'],35000000,20000000,50000000,0.0,11.0,0.0,Cartoon,0,1,0,0,0,0,0,0,0,0,0,0,0,0,0,0,0,0,0,1,0,0,0,0,0,0,0,0,1,0,0,0,0,0,0,0,0,0,0,0,0,0,0,0,0,0,0,0,1,0,0,0,0,0,0,0,0,0,0,0,0,1,0,0,0,0,0,1,0,0,0,0,0
Fallout 4,2015/11/10,17.0,19.99,9.0,7555.0,7.1,84.0,84.0,['Bethesda Game Studios'],['Bethesda Softworks'],15000000,10000000,20000000,0.0,10.0,6.0,Realista,27,0,0,0,0,0,0,0,0,0,0,0,0,0,0,0,0,0,0,0,0,0,0,0,0,0,1,0,0,0,0,0,0,0,0,0,0,0,0,0,0,0,0,0,0,0,0,1,0,0,0,1,0,1,0,0,0,0,0,0,0,0,0,0,0,0,0,0,0,0,0,0,0
Fantasia: Music Evolved,2014/10/21,10.0,7.0,18.0,68.0,7.5,77.0,50.0,['Harmonix Music Systems'],['Disney Interactive Studios'],4000000,,,0.0,6.0,6.0,Estilizado,5,0,0,0,0,0,0,0,0,0,0,0,0,0,0,0,0,0,0,0,0,0,0,0,0,1,0,0,0,1,0,0,0,0,0,0,0,0,0,0,0,0,0,0,0,0,0,0,1,0,0,0,0,0,0,0,0,0,0,0,0,1,0,0,1,0,0,0,0,0,0,0,0
FINAL FANTASY VII REBIRTH,2024/02/29,13.0,69.99,2.0,6290.0,8.9,92.0,61.0,['Square Enix'],['Square Enix'],10000,0,20000,0.0,11.0,5.0,Realista,48,0,0,0,0,0,0,0,0,0,0,0,0,1,0,0,0,0,0,0,0,0,0,0,0,0,1,1,0,0,0,0,0,0,0,0,0,0,0,0,0,0,0,0,0,0,0,0,0,0,0,0,0,0,0,0,0,0,0,0,1,0,0,0,0,0,0,0,0,0,0,0,0
FINAL FANTASY VII REMAKE,2020/04/10,0.0,39.99,3.0,9155.0,8.2,87.0,63.0,['Square Enix'],['Square Enix'],1500000,1000000,2000000,0.0,11.0,5.0,Realista,33,0,0,0,1,0,0,0,0,0,0,0,0,0,0,0,0,0,0,0,0,0,0,0,0,0,0,1,0,0,0,0,0,0,0,0,0,0,0,0,0,0,0,0,0,0,0,0,0,1,0,0,0,0,0,0,0,0,0,0,0,1,0,0,0,0,0,0,0,0,0,0,0
FINAL FANTASY XVI,2023/06/22,0.0,49.99,5.0,9751.0,8.4,87.0,69.0,['Square Enix'],['Square Enix'],350000,200000,500000,0.0,14.0,7.0,Realista,35,0,0,0,0,0,0,0,0,0,0,0,0,0,0,0,0,0,0,0,0,0,0,0,0,0,0,1,0,0,0,0,0,0,0,0,0,0,0,0,0,0,0,0,0,0,0,0,0,1,0,0,0,0,0,0,0,0,0,1,0,1,0,0,0,0,0,0,0,0,0,0,0
Firewatch,2016/02/09,0.0,19.99,1.0,2235.0,7.3,81.0,10.0,['Campo Santo'],"['Panic', 'Campo Santo']",3500000,2000000,5000000,0.0,7.0,2.0,Estilizado,4,1,0,0,0,0,0,0,0,0,0,0,0,0,0,0,0,0,0,0,0,0,0,0,0,0,0,1,0,0,0,0,0,0,0,0,0,0,0,0,0,0,0,0,0,0,0,0,0,1,0,0,0,0,0,0,0,0,0,0,0,1,0,0,0,0,0,0,0,0,0,0,0
Ghost of Tsushima,2020/07/17,17.0,59.99,0.0,23025.0,9.2,83.0,77.0,"['Sucker Punch Productions', 'Nixxes Software']",['PlayStation Publishing LLC'],1500000,1000000,2000000,0.0,26.0,12.0,Realista,25,0,0,0,1,0,0,0,0,0,0,0,0,0,0,0,0,0,0,0,0,0,0,0,0,1,0,0,0,0,0,0,0,0,0,0,0,0,0,0,0,0,0,0,0,1,0,0,0,1,0,0,0,0,0,0,0,0,0,0,0,0,0,0,0,0,0,0,0,0,0,0,0
God of War,2018/04/20,17.0,49.99,0.0,29143.0,9.1,93.0,37.0,"['Santa Monica Studio', 'Jetpack Interactive']",['PlayStation Publishing LLC'],7500000,5000000,10000000,0.0,18.0,12.0,Realista,20,0,0,0,1,0,0,0,0,0,0,0,0,0,0,0,0,0,0,0,0,0,0,0,0,1,0,0,0,0,0,0,0,0,0,0,0,0,0,0,0,0,0,0,0,1,0,0,0,1,0,0,0,0,0,0,0,0,0,0,0,0,0,0,0,0,0,0,0,0,0,0,0
God of War Ragnarök,2022/11/09,17.0,59.99,3.0,14975.0,8.2,90.0,48.0,"['Santa Monica Studio', 'Jetpack Interactive']",['PlayStation Publishing LLC'],3500000,2000000,5000000,0.0,22.0,14.0,Realista,26,1,0,0,1,0,0,0,0,0,0,0,0,0,0,0,0,0,0,0,0,0,0,0,0,0,0,0,0,0,0,0,1,0,0,0,0,0,0,0,0,0,0,0,0,0,0,0,1,1,0,0,0,0,0,0,0,0,0,0,0,0,0,0,0,0,0,0,0,0,0,0,0
Hades,2020/09/17,0.0,24.99,1.0,4334.0,8.6,93.0,49.0,['Supergiant Games'],['Supergiant Games'],7500000,5000000,10000000,0.0,11.0,2.0,Desenhado,22,1,0,0,1,0,0,0,0,0,0,0,0,0,0,0,0,0,0,0,0,0,0,0,0,0,0,0,0,0,0,0,0,0,0,1,0,0,0,0,0,0,0,0,0,0,1,0,0,1,0,0,0,0,0,0,0,0,0,0,0,1,0,0,0,0,0,0,0,0,0,0,0
Hearthstone: Heroes of Warcraft,2014/03/11,0.0,0.0,43.0,2688.0,5.7,88.0,4134.0,['Blizzard Entertainment'],['Blizzard Entertainment'],100000000,100000000,100000000,0.0,14.0,14.0,Ilustração,0,1,0,0,1,0,0,0,0,0,0,0,0,0,0,0,0,0,0,0,0,0,0,0,0,0,0,0,0,0,0,0,0,0,0,1,0,0,0,0,0,0,0,0,0,0,1,0,0,1,0,0,0,0,0,0,0,0,0,0,0,1,0,0,0,0,0,0,0,0,0,0,0
Hellblade: Senua's Sacrifice,2017/08/08,17.0,29.99,1.0,2302.0,7.8,83.0,14.0,['Ninja Theory'],['Ninja Theory'],3500000,2000000,5000000,0.0,20.0,2.0,Realista,7,0,0,0,0,0,0,0,0,0,0,1,0,0,0,0,0,0,0,0,0,0,0,0,1,0,0,1,0,0,0,0,0,1,0,0,0,0,0,0,1,0,0,0,0,0,0,1,0,0,0,0,0,0,0,0,0,0,0,0,0,0,0,0,0,0,0,0,0,0,0,0,0
Her Story,2015/07/23,0.0,9.99,0.0,562.0,6.3,86.0,13.0,['Sam Barlow'],['Sam Barlow'],1500000,1000000,2000000,0.0,2.0,2.0,FMV,2,1,0,0,1,0,0,0,0,0,0,0,0,0,0,0,0,0,0,0,0,0,0,0,0,0,0,0,1,0,0,0,0,0,0,0,0,0,0,0,0,0,0,0,0,0,0,0,0,1,0,0,0,0,0,0,0,0,0,0,0,0,0,0,0,0,0,0,0,0,1,0,0
Horizon Forbidden West™,2022/02/18,13.0,59.99,0.0,11528.0,7.9,88.0,80.0,"['Guerrilla', 'Nixxes Software']",['PlayStation Publishing LLC'],750000,500000,1000000,0.0,25.0,13.0,Realista,28,0,0,0,0,0,0,0,0,0,0,0,0,0,0,0,0,0,1,0,0,0,0,0,0,0,0,0,0,0,0,1,0,0,0,0,0,0,0,0,0,0,0,0,0,1,0,0,0,1,0,0,0,0,0,0,0,0,0,0,0,0,0,0,0,0,0,0,0,0,0,0,0
Horizon Zero Dawn™,2017/02/28,12.0,0.0,0.0,13479.0,8.3,89.0,79.0,['Guerrilla'],['PlayStation Publishing LLC'],3500000,2000000,5000000,0.0,20.0,12.0,Realista,22,0,0,0,0,0,0,0,0,0,0,0,0,0,0,0,0,0,1,0,0,0,0,0,0,0,0,0,0,0,0,1,0,0,0,0,0,0,0,0,0,0,0,0,0,1,0,0,0,1,0,0,0,0,0,0,0,0,0,0,0,0,0,0,0,0,0,0,0,0,0,0,0
Hyper Light Drifter,2016/03/31,0.0,19.99,1.0,490.0,8.1,84.0,23.0,['Heart Machine'],['Heart Machine'],750000,500000,1000000,0.0,6.0,0.0,Pixel Art,7,1,0,0,1,0,0,0,0,0,0,0,0,0,0,0,0,0,0,0,0,0,0,0,0,0,0,0,0,1,0,0,0,0,0,0,0,0,0,0,0,0,0,0,0,0,0,0,1,1,0,0,0,0,0,0,0,0,0,0,0,1,0,0,0,0,0,0,0,0,0,0,0
IMMORTALITY,2022/08/30,0.0,19.99,0.0,149.0,6.8,87.0,27.0,"['Sam Barlow', 'Half Mermaid']",['Half Mermaid'],150000,100000,200000,0.0,15.0,0.0,FMV,6,1,0,0,1,0,0,0,0,0,0,0,0,0,0,0,0,0,0,0,0,0,0,0,0,0,0,0,0,1,0,0,0,0,0,0,0,0,0,0,0,0,0,0,0,0,0,0,1,1,0,0,0,0,0,0,0,0,0,0,0,1,0,0,0,0,0,0,0,0,0,0,0
Inscryption,2021/10/19,14.0,19.99,0.0,917.0,8.5,85.0,40.0,['Daniel Mullins Games'],['Devolver Digital'],3700000,,,0.0,12.0,12.0,Pixel Art,12,1,0,0,1,0,0,0,0,0,0,0,0,0,0,0,0,0,0,1,0,0,0,0,0,0,0,0,0,0,0,0,0,0,0,0,0,0,1,0,0,0,0,0,0,0,0,0,0,0,0,0,1,0,0,0,0,0,0,0,0,1,0,0,0,0,0,0,0,0,0,0,0
INSIDE,2016/07/07,0.0,19.99,0.0,1766.0,8.3,87.0,14.0,['Playdead'],['Playdead'],3500000,2000000,5000000,0.0,14.0,0.0,Estilizado,3,0,0,0,0,0,0,0,0,0,0,0,0,0,0,0,0,0,1,0,0,0,0,0,0,0,0,0,0,0,0,1,0,0,0,0,0,0,0,0,0,0,0,0,0,1,0,0,0,1,0,0,0,0,0,0,0,0,0,0,0,0,0,0,0,0,0,0,0,0,1,0,0
Into the Breach,2018/02/27,0.0,14.99,1.0,614.0,7.9,90.0,70.0,['Subset Games'],['Subset Games'],1500000,1000000,2000000,0.0,17.0,17.0,Pixel Art,5,0,0,0,0,0,0,0,0,0,0,0,0,0,0,0,0,0,0,0,0,0,0,0,0,0,0,0,0,0,0,0,0,0,0,0,0,0,1,0,0,0,0,0,0,0,0,0,0,0,0,0,0,0,0,0,1,0,0,0,0,0,1,0,0,0,0,0,0,0,1,0,0
It Takes Two,2021/03/26,0.0,39.99,0.0,2684.0,8.9,89.0,20.0,['Hazelight Studios'],['Electronic Arts'],7500000,5000000,10000000,0.0,12.0,6.0,Cartoon,13,0,0,1,1,0,0,0,0,0,0,0,0,0,0,0,0,0,0,0,0,0,0,0,0,0,0,0,0,0,0,0,0,0,0,0,0,0,0,0,0,0,0,0,0,0,0,0,0,0,0,0,0,1,0,0,1,0,0,0,0,0,0,0,0,0,1,0,0,0,0,0,0
Katana ZERO,2019/04/18,0.0,14.99,1.0,623.0,8.5,83.0,22.0,['Askiisoft'],['Devolver Digital'],3500000,2000000,5000000,0.0,10.0,0.0,Pixel Art,4,0,0,0,0,1,0,0,0,0,0,0,0,0,0,0,0,0,0,0,0,0,0,0,1,0,0,0,0,0,0,0,0,0,0,0,0,0,1,0,0,0,0,1,0,0,0,0,0,0,0,0,0,0,0,0,0,0,0,0,0,1,1,0,0,0,0,0,0,0,0,0,0
Kena: Bridge of Spirits,2021/09/21,0.0,39.99,2.0,1711.0,8.2,83.0,41.0,['Ember Lab'],['Ember Lab'],750000,500000,1000000,0.0,12.0,2.0,Animação,10,1,0,0,1,0,0,0,0,0,0,0,0,0,1,0,0,0,0,0,0,0,0,0,0,0,1,0,0,0,0,0,0,0,0,0,0,0,0,0,0,0,0,0,0,0,0,0,0,0,0,0,0,1,0,0,0,0,0,0,0,0,0,0,0,0,0,0,0,0,0,0,0
Kirby and the Forgotten Land,2022/03/25,10.0,59.99,0.0,1155.0,8.8,85.0,0.0,['HAL Laboratory'],[''Nintendo],7500000,,,0.0,14.0,14.0,Cartoon,10,1,0,0,0,0,0,0,0,0,0,0,0,0,0,0,0,0,0,0,0,0,0,0,0,0,0,0,0,0,0,0,0,0,0,0,0,0,1,0,0,0,0,0,0,0,0,0,0,0,0,0,1,1,0,0,0,0,0,0,0,0,0,0,0,0,0,0,0,0,0,0,0
Lego Dimensions,2015/09/27,10.0,25.99,67.0,124.0,7.2,80.0,39.0,"['TT Games', ''Traveller's Tales]",['Warner Bros. Games'],2500000,,,0.0,4.0,1.0,LEGO,12,1,0,0,1,0,0,0,0,0,0,0,0,0,0,0,0,0,0,0,0,0,0,0,0,1,0,1,0,0,0,0,0,0,0,0,0,0,1,0,0,0,0,0,0,0,0,0,0,0,0,0,0,0,0,0,1,0,0,0,0,0,0,0,0,0,0,0,0,0,0,0,0
LEGO® STAR WARS™: The Force Awakens,2016/06/28,0.0,19.99,12.0,261.0,6.9,78.0,69.0,"[""Traveller's Tales"", 'TT Games', 'Feral Interactive (Mac)']","['Warner Bros. Interactive Entertainment', 'Feral Interactive (Mac)']",750000,500000,1000000,0.0,10.0,8.0,LEGO,9,1,0,0,1,0,0,0,0,0,0,0,0,0,0,0,0,0,0,0,0,0,0,0,0,0,1,0,0,0,0,0,0,0,0,0,0,0,0,0,0,0,0,0,0,0,0,0,0,0,0,0,0,1,0,0,0,0,0,0,0,0,0,0,0,0,0,0,0,0,0,0,0
LEGO® Star Wars™: The Skywalker Saga,2022/04/05,0.0,49.99,16.0,801.0,7.7,78.0,45.0,['TT Games'],"['Warner Bros. Games', 'Warner Bros. Interactive Entertainment']",1500000,1000000,2000000,0.0,15.0,9.0,LEGO,18,1,0,0,1,0,0,0,0,0,1,0,0,0,1,0,0,0,0,0,0,0,0,0,0,0,1,0,0,0,0,0,0,0,0,0,0,0,0,0,0,0,0,0,0,0,0,1,0,0,0,0,0,0,0,0,0,0,0,0,0,0,0,0,1,0,0,0,0,0,0,0,0
Life is Strange,2015/01/30,17.0,39.99,1.0,3297.0,8.6,85.0,60.0,['Deck Nine'],['Square Enix'],350000,200000,500000,0.0,10.0,2.0,Estilizado,14,1,0,0,1,0,0,0,0,0,1,0,0,0,1,0,0,0,0,0,0,0,0,0,0,0,1,0,0,0,0,0,0,0,0,0,0,0,0,0,0,0,0,0,0,0,0,1,1,0,0,0,0,0,0,0,0,0,0,0,0,0,0,0,0,0,0,0,0,0,0,0,0
Life is Strange 2,2018/09/27,0.0,0.0,6.0,1029.0,6.8,78.0,46.0,"['DONTNOD Entertainment', 'Feral Interactive (Mac)', 'Feral Interactive (Linux)']","['Square Enix', 'Feral Interactive (Mac)', 'Feral Interactive (Linux)']",15000000,10000000,20000000,0.0,10.0,2.0,Estilizado,16,0,0,0,1,0,0,0,0,0,0,0,0,0,0,0,0,0,0,0,0,0,0,0,0,0,0,0,0,0,0,0,0,0,0,0,0,0,0,0,0,0,0,0,0,0,0,0,0,1,0,0,0,0,0,0,0,0,0,0,0,0,0,0,0,0,0,0,0,1,0,0,0
Life is Strange: True Colors,2021/09/10,17.0,59.99,2.0,681.0,6.9,81.0,40.0,['Deck Nine'],['Square Enix'],750000,500000,1000000,0.0,10.0,4.0,Estilizado,10,0,0,0,1,0,0,0,0,0,0,0,0,0,0,0,0,0,0,0,0,0,0,0,0,0,0,0,0,0,0,0,0,0,0,0,0,0,0,0,0,0,0,0,0,0,0,0,0,1,0,0,0,0,0,0,0,0,0,0,0,0,0,0,0,0,0,0,0,1,0,0,0
Like a Dragon: Infinite Wealth,2024/01/26,17.0,69.99,19.0,864.0,8.5,89.0,74.0,"[""Ryu Ga Gotoku Studio""]","[""SEGA""]",1700000,,,73.0,10.0,3.0,Realista,55,0,0,0,1,0,0,0,0,0,0,0,0,0,0,0,0,0,0,0,0,0,0,0,0,0,0,0,0,0,0,0,0,0,0,0,0,0,0,0,0,0,0,0,0,1,0,0,0,1,0,0,0,0,0,0,0,0,0,0,0,0,0,0,0,0,0,0,0,1,0,0,0
Loop Hero,2021/03/04,0.0,14.99,1.0,295.0,7.6,82.0,50.0,['Four Quarters'],['Devolver Digital'],1500000,1000000,2000000,0.0,13.0,0.0,Pixel Art,25,1,0,0,1,1,0,0,0,0,1,0,0,0,0,0,0,0,0,0,0,0,0,0,0,0,0,0,0,0,0,0,0,0,0,0,0,0,0,0,0,0,0,0,0,0,0,0,0,0,0,0,0,0,0,0,0,0,0,0,0,1,0,0,0,0,0,0,0,0,0,0,0
Lorelei and the Laser Eyes,2024/05/16,0.0,24.99,1.0,101.0,7.8,88.0,20.0,['Simogo'],['Annapurna Interactive'],75000,50000,100000,0.0,10.0,2.0,Surreal,15,0,0,0,0,0,0,0,0,0,0,0,0,0,0,0,0,0,0,0,0,0,0,0,1,0,0,0,0,0,0,0,0,0,0,0,0,0,0,0,0,0,0,0,0,0,0,0,0,0,0,0,1,0,0,0,0,0,0,0,0,1,1,0,0,0,0,0,0,0,0,0,0
Luigi's Mansion 3,2019/10/31,7.0,59.99,0.0,1770.0,8.4,86.0,0.0,['Next Level Games'],['Nintendo'],14250000,14250000,15000000,0.0,14.0,14.0,Cartoon,13,0,0,0,1,0,0,0,0,0,0,0,0,0,0,0,0,0,1,0,0,0,0,0,0,0,0,0,0,0,0,0,0,0,0,0,0,0,1,0,0,0,0,0,0,1,0,0,0,0,0,0,0,0,0,0,1,0,0,0,0,0,0,0,0,0,0,0,0,0,0,0,0
Mafia III,2016/10/07,18.0,29.99,0.0,2394.0,5.4,68.0,85.0,"['Hangar 13', 'Aspyr (Mac)']","['2K', 'Aspyr (Mac)']",1500000,1000000,2000000,0.0,13.0,6.0,Realista,25,1,0,0,1,0,0,0,0,0,1,0,0,0,0,0,0,0,0,0,0,0,0,0,0,1,1,0,0,0,0,0,0,0,0,0,0,0,0,0,0,0,0,0,0,0,0,0,0,0,0,0,0,0,0,0,1,0,0,0,0,0,0,0,0,0,0,0,0,0,0,0,0
Mario + Rabbids Kingdom Battle,2017/08/29,10.0,39.99,4.0,1561.0,8.3,85.0,0.0,"['Ubisoft Milan, Ubisoft Paris, Ubisoft']","['Ubisoft', 'Nintendo']",3000000,,,0.0,9.0,9.0,Cartoon,20,1,0,0,1,0,0,0,0,0,0,0,0,0,0,0,0,0,0,0,0,0,0,0,0,0,0,0,0,0,0,0,0,0,0,0,0,0,0,0,0,0,0,0,0,0,0,0,1,1,0,0,0,0,0,0,0,0,0,0,0,0,0,0,1,0,0,0,0,0,0,0,0
Mario + Rabbids Sparks of Hope,2022/10/20,10.0,59.99,0.0,408.0,7.5,85.0,0.0,"['Ubisoft Milan', 'Ubisoft, Paris']","['Ubisoft', 'Nintendo']",3000000,,,0.0,10.0,10.0,Cartoon,20,0,0,0,1,0,0,0,0,0,1,0,0,0,0,0,0,0,0,0,0,0,0,0,1,0,1,0,0,0,0,0,0,0,0,0,0,0,0,0,0,0,0,0,0,0,0,0,0,0,0,0,0,0,0,0,0,0,0,0,0,1,0,0,0,0,0,0,0,0,0,0,0
Mario Kart 8,2014/05/29,0.0,59.99,7.0,2138.0,8.9,88.0,0.0,"['Nintendo EAD', 'Nintendo EPD']",['Nintendo'],8500000,,,0.0,13.0,13.0,Cartoon,4,1,0,0,1,0,0,0,0,0,0,0,0,0,0,0,0,0,0,0,0,0,0,0,1,0,1,0,0,0,0,0,0,0,0,0,0,0,0,0,0,0,0,0,0,0,0,0,0,0,0,0,0,0,0,0,0,0,0,0,0,1,0,0,0,0,0,0,0,0,0,0,0
Mario Kart 8 Deluxe,2017/04/28,0.0,59.99,7.0,2138.0,8.9,88.0,0.0,"['Nintendo EAD', 'Nintendo EPD']",['Nintendo'],69000000,,,0.0,13.0,13.0,Cartoon,5,1,1,0,0,0,0,0,0,0,0,0,0,0,0,1,0,0,0,0,0,0,0,0,0,0,1,0,0,0,0,0,0,0,0,0,0,0,0,0,0,0,0,0,0,0,0,1,0,0,0,0,0,0,0,0,0,0,0,0,0,0,0,0,0,0,0,0,0,0,0,0,0
Mario Kart Live: Home Circuit,2020/10/16,0.0,99.99,0.0,92.0,6.8,75.0,0.0,['Velan Studios'],['Nintendo'],1800000,,,0.0,14.0,14.0,AR,0,1,1,0,0,0,0,0,0,0,0,0,0,0,0,1,0,0,0,0,0,0,0,0,0,0,1,0,0,0,0,0,0,0,0,0,0,0,0,0,0,0,0,0,0,0,0,1,0,0,0,0,0,0,0,0,0,0,0,0,0,0,0,0,0,0,0,0,0,0,0,0,0
Mario Party Superstars,2021/10/29,0.0,59.99,0.0,493.0,7.9,80.0,0.0,['Nintendo Cube'],['Nintendo'],14000000,,,50.0,12.0,12.0,Cartoon,3,0,0,0,0,0,0,0,0,0,0,0,0,0,0,1,0,0,0,0,0,0,0,0,0,0,1,0,0,0,0,0,0,0,0,0,0,0,0,0,0,0,0,0,0,0,0,1,0,0,0,0,0,0,0,0,0,0,0,0,0,0,0,0,0,0,0,0,0,0,1,0,0
Mario Tennis Aces,2018/06/22,0.0,59.99,0.0,682.0,7.1,75.0,0.0,['Camelot Software Planning'],['Nintendo'],5000000,,,0.0,11.0,13.0,Cartoon,5,0,0,0,0,0,0,0,0,0,0,0,0,0,0,0,0,0,0,0,0,0,0,0,0,0,1,0,0,0,0,0,0,0,0,0,0,0,0,0,0,0,0,0,0,0,0,1,0,0,0,1,0,0,0,0,0,0,0,0,0,0,0,0,0,0,0,0,0,0,0,0,0
Marvel's Guardians of the Galaxy,2021/10/26,10.0,59.99,0.0,2422.0,8.4,80.0,59.0,"['Eidos-Montréal, Marvel Entertainment']","['Square Enix, Eidos Interactive']",1500000,,,90.0,14.0,10.0,Realista,17,0,1,0,0,0,0,0,0,0,0,0,0,0,0,0,0,0,0,0,0,0,1,0,0,0,1,0,0,0,0,0,0,0,0,0,0,0,0,0,0,0,0,0,0,0,0,1,0,0,0,0,0,0,0,0,0,0,0,0,0,0,0,0,0,0,0,0,0,0,0,0,0
Marvel’s Spider-Man,2022/08/12,13.0,59.99,1.0,11148.0,8.7,87.0,51.0,"['Insomniac Games', Nixxes Software]",['PlayStation Publishing LLC'],50000000,,,62.0,14.0,6.0,Realista,17,1,0,0,1,0,0,0,0,0,1,0,0,0,0,0,0,0,0,0,0,0,0,0,0,0,0,0,0,1,0,0,0,0,0,0,0,0,0,0,0,0,0,0,0,0,0,0,0,1,0,0,0,0,0,0,0,0,0,0,0,0,0,0,0,0,0,0,1,0,0,0,0
Marvel's Spider-Man 2,2023/10/20,0.0,59.99,0.0,10122.0,8.7,90.0,43.0,"['Insomniac Games', 'Nixxes Software']",['PlayStation Publishing LLC'],10000,0,20000,0.0,26.0,13.0,Realista,15,1,0,0,1,0,0,0,0,0,0,0,0,0,0,0,0,0,0,0,0,0,0,0,0,0,0,0,0,0,0,0,0,0,0,0,0,0,0,0,0,0,0,0,0,0,0,0,1,1,0,0,0,0,0,0,0,0,0,0,0,0,0,0,0,0,0,0,1,0,0,0,0
METAL GEAR SOLID V: THE PHANTOM PAIN,2015/09/01,18.0,19.99,13.0,6872.0,8.1,91.0,42.0,['KONAMI'],['KONAMI'],3500000,2000000,5000000,0.0,8.0,3.0,Realista,46,1,0,0,1,0,0,0,0,0,0,0,0,0,0,0,0,0,0,0,0,0,0,0,0,0,0,0,0,0,0,0,0,0,0,0,0,0,0,0,0,0,0,0,0,0,0,0,1,1,0,0,0,0,0,0,0,0,0,0,0,0,0,0,0,0,0,0,1,0,0,0,0
Metaphor: ReFantazio,2024/10/11,0.0,69.99,8.0,2532.0,8.5,92.0,44.0,['ATLUS'],['SEGA'],750000,500000,1000000,0.0,11.0,3.0,Anime,60,1,0,0,0,0,0,0,0,0,0,0,0,0,0,0,0,0,0,0,0,0,0,0,0,0,0,0,0,0,0,0,1,0,0,0,0,0,0,0,0,0,0,0,0,0,0,0,1,1,0,0,0,0,0,0,0,0,0,0,0,0,0,0,1,0,0,0,0,0,0,0,0
Metroid Dread,2021/10/08,10.0,59.99,0.0,3272.0,8.8,88.0,0.0,"['MercurySteam, Nintendo Entertainment Planning & Development']",['Nintendo'],310000,,,0.0,14.0,14.0,2.5D,9,0,0,0,1,1,0,0,0,0,0,0,0,0,0,0,0,0,0,0,0,0,0,0,1,0,0,1,0,0,0,0,0,0,0,0,0,0,0,0,0,0,0,0,0,0,0,0,0,0,0,0,0,0,0,0,0,0,0,0,0,1,0,0,0,1,0,0,0,0,0,0,0
Middle-earth™: Shadow of Mordor™,2014/09/30,0.0,3.99,16.0,3170.0,7.9,84.0,74.0,['Monolith Productions'],"['Warner Bros. Interactive Entertainment', 'Warner Bros. Games']",7500000,5000000,10000000,80.0,8.0,7.0,Realista,15,1,0,0,1,0,0,0,0,0,0,0,0,0,0,0,0,0,0,0,0,0,0,0,0,0,0,0,0,1,0,0,0,0,0,0,0,0,0,0,0,0,0,0,1,0,0,0,0,0,0,0,0,1,0,0,0,0,0,0,0,0,0,0,0,0,0,0,0,0,0,0,0
Minecraft Dungeons,2020/05/26,0.0,19.99,12.0,650.0,6.7,70.0,104.0,"['Mojang Studios', '\u202aDouble Eleven']",['Xbox Game Studios'],1500000,1000000,2000000,0.0,15.0,9.0,Voxel,5,1,0,0,1,0,0,0,0,0,0,0,0,0,0,0,0,0,0,0,0,0,0,0,0,0,0,1,0,0,0,0,0,0,0,0,0,0,0,0,0,0,0,0,0,0,0,0,1,0,0,0,0,0,0,0,0,0,0,0,0,1,0,0,0,0,0,0,0,0,0,0,0
Monster Hunter: World,2018/01/26,0.0,29.99,200.0,2568.0,7.8,88.0,100.0,"['CAPCOM Co., Ltd.']","['CAPCOM Co., Ltd.']",15000000,10000000,20000000,0.0,14.0,7.0,Realista,48,1,0,0,0,0,0,0,0,0,0,0,0,0,1,0,0,0,0,0,0,0,0,0,0,0,1,0,0,0,0,0,0,0,0,1,0,0,0,0,0,0,0,0,0,0,0,0,0,0,0,0,0,0,0,0,0,0,0,0,0,1,0,0,0,0,0,0,0,0,0,0,0
Monument Valley,2014/04/03,0.0,7.99,0.0,277.0,8.2,89.0,19.0,['Ustwo Games'],['Ustwo Games'],26000000,,,79.0,14.0,14.0,Minimalista,1,1,0,0,0,0,0,0,0,0,0,0,1,0,1,0,0,0,0,0,0,0,0,0,0,0,0,0,0,0,0,0,0,0,0,0,0,0,0,0,0,0,0,0,0,0,0,1,0,0,0,0,0,0,0,0,0,0,0,0,0,1,0,0,0,0,0,0,0,0,0,0,0
Neon White,2022/06/16,0.0,24.99,1.0,409.0,8.2,89.0,63.0,['Angel Matrix'],['Annapurna Interactive'],350000,200000,500000,0.0,15.0,2.0,Anime,10,0,0,1,0,0,0,1,0,0,0,0,0,0,0,0,0,0,0,0,0,0,0,0,0,0,0,0,0,0,0,0,0,0,0,0,0,1,0,0,0,0,0,0,0,0,0,0,0,0,0,0,0,0,0,0,1,0,1,0,0,0,0,0,0,0,0,0,0,0,0,0,0
Neva,2024/10/15,0.0,19.99,2.0,228.0,8.3,87.0,18.0,['Nomada Studio'],['Devolver Digital'],150000,100000,200000,0.0,13.0,0.0,Desenhado,4,1,0,0,0,0,0,0,0,0,0,0,0,0,0,0,0,0,0,0,0,0,0,0,0,0,0,0,0,0,0,0,0,0,0,0,0,0,0,0,0,0,0,0,0,0,0,0,0,0,0,0,0,1,0,0,0,0,0,0,0,0,0,0,1,0,0,0,0,0,0,0,0
New Pokemon Snap,2021/04/30,0.0,59.99,0.0,645.0,7.8,79.0,0.0,['Bandai Namco Studios'],"['Nintendo', 'The Pokémon Company']",2400000,,,0.0,9.0,9.0,Cartoon,10,0,0,1,1,0,0,0,0,0,0,0,0,0,0,0,0,0,0,0,0,0,0,0,0,0,0,0,0,0,0,0,0,0,0,0,0,0,1,0,0,0,0,0,0,0,0,0,0,0,0,0,0,1,0,0,0,0,0,0,0,0,0,0,0,0,0,0,0,0,0,0,0
NieR:Automata™,2017/02/23,0.0,39.99,1.0,4810.0,8.8,84.0,47.0,"['Square Enix', 'PlatinumGames Inc.']",['Square Enix'],3500000,2000000,5000000,0.0,6.0,2.0,Anime,21,0,0,0,0,0,0,1,0,0,0,0,0,0,0,0,0,0,0,0,0,0,0,0,0,0,1,0,0,0,0,0,0,0,0,0,0,0,0,0,0,0,0,0,0,0,0,0,0,0,0,0,0,0,0,0,0,1,0,0,0,0,0,0,0,1,0,0,0,0,0,0,0
Night in the Woods,2017/02/21,0.0,19.99,3.0,585.0,7.7,88.0,31.0,['Infinite Fall'],['Finji'],1500000,1000000,2000000,0.0,2.0,0.0,Vetorial,9,0,0,0,0,0,0,0,0,0,0,0,0,0,0,0,0,0,0,0,0,0,0,0,0,0,0,0,0,0,0,0,0,0,0,1,0,0,0,0,0,0,0,0,0,0,0,0,0,1,1,0,0,0,0,0,0,0,0,0,0,1,0,0,0,0,0,0,0,0,0,0,0
Nintendo Labo,2018/04/20,10.0,70.00,4.0,217.0,6.8,77.0,0.0,['Nintendo'],['Nintendo'],1500000,,,0.0,7.0,7.0,Minimalista,0,0,0,0,1,0,0,0,0,0,0,0,0,0,0,0,0,0,0,0,0,0,0,0,0,0,0,0,0,0,0,0,0,0,0,0,0,0,1,0,0,0,0,0,0,1,0,0,0,1,0,0,0,1,0,0,0,0,0,0,0,0,0,0,0,0,0,0,0,0,0,0,0
Nitendo Switch Sports,2022/04/29,10.0,39.99,0.0,364.0,5.9,72.0,0.0,"['Nintendo EPD, Development Division']",['Nintendo'],154000000,,,0.0,14.0,14.0,Cartoon,0,0,0,0,0,0,0,0,0,0,0,0,1,0,0,0,0,0,0,0,1,1,0,0,0,0,1,0,0,0,0,0,0,0,0,0,0,0,0,0,0,0,0,0,0,0,0,0,0,0,0,1,0,0,0,0,0,0,0,0,0,0,0,0,0,0,0,0,0,0,0,0,0
Ori and the Blind Forest,2015/03/11,0.0,0.0,0.0,1574.0,8.6,88.0,50.0,['Moon Studios GmbH'],['Xbox Game Studios'],3500000,2000000,5000000,0.0,9.0,0.0,Desenhado,8,0,0,0,0,0,0,0,0,0,0,0,0,1,0,0,0,0,0,0,0,0,1,0,0,0,1,0,0,0,0,0,0,0,0,0,0,0,0,0,0,0,0,0,0,0,0,1,0,0,0,1,0,0,0,0,0,0,0,0,0,0,0,0,0,0,0,0,0,0,0,0,0
Outer Wilds,2019/05/28,0.0,24.99,2.0,1681.0,8.9,85.0,31.0,['Mobius Digital'],['Annapurna Interactive'],1500000,1000000,2000000,0.0,13.0,2.0,Estilizado,16,0,0,1,1,0,0,0,0,0,0,0,0,0,0,0,0,0,0,0,0,0,0,0,0,0,0,0,0,0,0,0,0,0,0,0,0,0,0,0,0,0,0,0,1,0,0,0,0,0,1,0,0,1,0,0,0,0,0,0,0,0,0,0,0,0,0,0,0,0,0,0,0
Overcooked! 2,2018/08/07,0.0,9.69,6.0,339.0,7.8,81.0,54.0,"['Ghost Town Games Ltd.', 'Team17']",['Team17'],3500000,2000000,5000000,80.0,12.0,0.0,Cartoon,7,0,0,0,1,0,0,0,0,0,0,0,0,0,0,0,0,0,0,0,0,0,0,0,0,1,0,0,0,1,0,0,0,0,0,0,0,0,0,0,0,1,0,0,0,1,0,0,0,0,0,0,0,0,0,0,0,0,0,0,0,0,0,0,0,0,0,0,0,0,0,0,0
Overwatch® 2,2016/05/24,0.0,0.0,8.0,7545.0,6.6,91.0,164.0,"['Blizzard Entertainment, Inc.']","['Blizzard Entertainment, Inc.']",15000000,1,1,0.0,13.0,13.0,Cartoon,0,0,0,0,0,0,1,0,0,0,0,0,0,0,1,0,0,0,0,0,0,0,0,0,0,0,1,0,0,0,0,0,0,0,0,0,0,0,0,0,0,0,0,0,0,0,0,1,0,0,0,1,0,0,0,0,0,0,0,0,0,0,0,0,0,1,0,0,0,0,0,0,0
Oxenfree,2016/01/15,0.0,9.99,1.0,472.0,7.6,80.0,13.0,['Night School Studio'],['Night School Studio'],750000,500000,1000000,0.0,7.0,2.0,Pintura,4,1,0,0,0,0,0,0,0,0,0,1,0,0,0,0,0,0,0,0,0,0,0,0,0,0,0,0,0,0,0,0,0,0,0,0,0,0,0,0,0,0,0,0,0,0,0,1,0,0,0,0,0,0,0,0,0,0,0,0,0,0,0,0,1,0,0,0,0,0,0,0,0
Paper Mario: The Origami King,2020/07/17,0.0,59.99,0.0,1968.0,7.1,80.0,0.0,['Intelligent Systems'],['Nintendo'],3500000,,,0.0,12.0,12.0,Papercraft,27,0,0,0,1,0,0,0,0,0,0,0,0,0,0,0,0,0,0,0,0,0,0,0,0,0,0,0,0,0,0,0,0,0,0,0,0,0,0,0,0,0,0,0,0,1,0,0,0,1,0,0,0,0,0,0,0,0,0,0,0,0,0,0,0,0,0,0,0,0,1,0,0
Party Animals,2023/09/20,0.0,19.99,1.0,141.0,7.7,76.0,108.0,['Recreate Games'],['Source Technology'],3500000,2000000,5000000,0.0,10.0,4.0,Cartoon,0,0,0,0,1,0,0,0,0,0,1,0,0,0,0,0,0,0,0,0,0,0,0,0,0,0,1,0,0,0,0,0,0,0,0,0,0,0,0,0,0,0,0,0,0,0,0,0,0,0,0,0,0,0,0,0,1,0,0,0,0,1,0,0,0,0,0,0,0,0,0,0,0
Persona 5,2016/09/15,17.0,59.99,40.0,5816.0,8.9,93.0,53.0,"['Atlus', 'P Studio']",['Atlus'],13000000,,,60.0,9.0,2.0,Anime,97,0,0,0,0,0,0,0,0,0,0,0,0,0,0,0,0,0,0,0,0,0,0,0,0,0,1,0,0,0,0,0,0,0,0,0,0,0,0,0,0,0,1,0,0,0,0,1,0,0,0,1,0,0,0,0,0,0,0,0,0,0,0,0,0,0,0,0,0,0,0,0,0
Pikmin 4,2023/07/21,0.0,59.99,0.0,968.0,9.1,87.0,0.0,"['Eighting', 'Nintendo EPD']",['Nintendo'],3500000,,,0.0,14.0,14.0,Estilizado,16,0,0,0,0,1,0,0,0,0,0,0,0,0,0,0,0,0,0,0,0,0,0,0,0,0,0,0,0,0,0,0,0,0,0,0,0,0,0,0,0,0,0,0,0,0,0,0,0,1,0,0,0,0,0,0,0,0,0,0,0,1,0,0,0,1,0,0,0,0,0,0,0
Pokemon GO,2016/07/06,0.0,0.0,0.0,866.0,5.6,69.0,0.0,"['Niantic, Inc.']","['Niantic, Inc.']",700000000,,,0.0,12.0,12.0,AR,0,0,0,0,1,0,0,0,0,0,0,0,0,0,0,0,0,0,0,0,0,0,0,0,1,1,1,0,0,0,0,0,0,0,0,0,0,0,0,0,0,0,0,0,0,0,0,0,0,0,0,0,0,0,0,0,1,0,0,0,0,0,0,0,0,0,0,0,0,0,0,0,0
Princess Peach: Showtime!,2024/03/22,10.0,59.99,0.0,262.0,6.8,74.0,0.0,['Good-Feel'],['Nintendo'],1400000,,,0.0,14.0,14.0,Cartoon,7,0,0,0,0,0,0,1,0,0,0,0,0,0,0,0,0,0,0,0,0,0,0,0,0,0,0,0,0,0,0,0,0,0,0,0,0,0,0,0,0,0,0,0,0,0,0,1,0,0,0,0,0,0,0,0,0,0,0,0,0,0,0,0,0,0,0,0,0,0,0,0,0
Psychonauts 2,2021/08/25,0.0,59.99,4.0,1907.0,8.1,89.0,57.0,['Double Fine Productions'],['Xbox Game Studios'],350000,200000,500000,0.0,9.0,2.0,Cartoon,15,1,0,0,1,0,0,0,0,0,0,0,0,0,0,0,0,0,0,0,0,0,0,0,0,0,1,0,0,0,0,0,0,0,0,0,0,0,0,0,0,0,0,0,0,0,0,0,0,0,0,0,0,1,0,0,0,0,0,0,0,0,0,0,0,0,0,0,0,0,0,0,0
PUBG: BATTLEGROUNDS,2017/12/21,0.0,0.0,0.0,2308.0,4.9,86.0,37.0,['PUBG Corporation'],"['KRAFTON, Inc.']",75000000,50000000,100000000,0.0,17.0,0.0,Realista,0,1,0,0,1,0,0,0,0,0,1,0,0,0,0,0,0,0,0,0,0,0,0,0,0,0,0,0,0,0,0,0,0,0,0,0,0,0,0,0,0,0,0,0,0,0,0,0,0,0,0,0,0,1,0,1,0,0,0,0,0,0,0,0,0,0,0,0,0,0,0,0,0
Pyre,2017/07/25,0.0,19.99,1.0,222.0,8.1,82.0,51.0,['Supergiant Games'],['Supergiant Games'],750000,500000,1000000,0.0,6.0,2.0,Desenhado,10,0,0,0,0,0,0,0,0,0,0,1,0,0,0,0,0,0,0,0,0,0,0,0,0,0,0,0,0,0,0,0,0,0,0,0,0,0,0,0,0,0,0,0,0,0,0,1,0,0,0,0,0,0,0,0,0,0,0,0,0,0,0,0,1,0,0,0,0,0,0,0,0
Ratchet & Clank,2016/04/12,10.0,19.99,0.0,3117.0,8.3,85.0,47.0,['Insomniac Games'],['PlayStation Publishing LLC'],7000000,,,65.0,16.0,16.0,Cartoon,10,0,0,0,0,0,0,0,0,0,0,0,0,0,0,0,0,0,0,0,0,0,1,0,1,0,0,0,0,0,0,0,0,0,0,0,0,0,1,0,0,0,0,0,0,0,0,0,0,1,0,0,0,0,0,0,0,0,0,0,0,1,0,0,0,0,0,0,0,0,0,0,0
Ratchet & Clank: Rift Apart,2021/06/11,0.0,59.99,0.0,3850.0,8.5,88.0,47.0,"['Insomniac Games', 'Nixxes Software']",['PlayStation Publishing LLC'],750000,500000,1000000,0.0,25.0,17.0,Cartoon,11,1,0,0,1,0,0,0,0,0,1,0,0,0,0,0,0,0,0,0,0,0,0,0,0,0,1,0,0,0,0,0,0,0,0,0,0,0,0,0,0,0,0,0,0,0,0,0,0,0,0,0,0,1,0,0,0,0,0,0,0,0,0,0,1,0,0,0,0,0,0,0,0
Red Dead Redemption 2,2018/10/26,17.0,59.99,0.0,32556.0,8.9,93.0,51.0,['Rockstar Games'],['Rockstar Games'],15000000,10000000,20000000,0.0,13.0,2.0,Realista,50,1,0,0,1,0,0,0,0,0,0,0,0,0,0,0,0,0,0,0,0,0,0,0,0,0,1,0,0,1,0,0,0,0,0,0,0,0,0,0,0,0,0,0,0,0,0,0,0,0,0,0,0,1,0,0,0,0,0,0,0,0,0,0,1,0,0,0,0,0,0,0,0
Resident Evil 2,2019/01/25,17.0,39.99,13.0,7125.0,8.8,89.0,44.0,"['CAPCOM Co., Ltd.']","['CAPCOM Co., Ltd.']",7500000,5000000,10000000,0.0,15.0,8.0,Realista,8,1,0,0,1,0,0,0,0,0,0,0,0,0,0,0,0,0,0,0,0,0,0,0,0,0,0,0,0,0,0,0,0,0,0,0,0,0,0,0,0,0,0,0,0,0,0,0,1,1,0,0,0,0,0,0,0,0,0,0,0,0,0,0,0,1,0,0,0,0,0,0,0
Resident Evil 4,2023/03/24,0.0,39.99,27.0,7176.0,8.9,91.0,46.0,"['CAPCOM Co., Ltd.']","['CAPCOM Co., Ltd.']",7500000,5000000,10000000,0.0,13.0,10.0,Realista,16,1,0,0,0,0,0,0,0,0,0,0,0,0,0,0,0,0,0,0,0,0,0,0,0,0,0,0,0,0,0,0,0,0,0,0,0,0,0,0,0,0,0,0,0,0,0,0,0,0,0,0,0,0,0,0,0,0,0,1,0,0,0,0,1,0,0,0,0,0,1,0,1
Resident Evil Village,2021/05/07,0.0,39.99,7.0,4001.0,8.4,83.0,56.0,"['CAPCOM Co., Ltd.']","['CAPCOM Co., Ltd.']",3500000,2000000,5000000,0.0,14.0,10.0,Realista,10,1,0,0,0,0,0,0,0,0,0,0,0,0,0,0,0,0,0,0,0,0,0,0,0,0,0,0,0,0,0,0,0,0,0,0,0,0,0,0,0,0,0,0,0,0,0,0,0,0,0,0,0,0,0,0,0,0,0,1,0,0,0,0,1,0,0,0,0,0,1,0,0
Return of the Obra Dinn,2018/10/18,0.0,19.99,1.0,580.0,8.7,89.0,16.0,['Lucas Pope'],['3909'],750000,500000,1000000,0.0,14.0,2.0,Monocromático,8,1,0,0,1,0,0,0,0,0,0,0,0,0,0,0,0,0,0,0,0,0,0,0,0,0,0,0,0,0,0,0,0,0,0,0,0,0,0,0,0,0,0,0,0,0,0,0,0,0,0,0,0,0,0,0,0,0,0,0,0,0,0,0,1,0,0,0,0,0,1,0,0
Ring Fit Adventure,2019/10/18,10.0,79.99,0.0,319.0,8.5,83.0,0.0,['Nintendo EPD'],['Nintendo'],15400000,,,0.0,1.0,1.0,Cartoon,25,0,0,0,0,0,0,0,0,0,0,0,0,0,0,0,0,0,1,0,0,0,0,0,0,0,0,0,0,0,0,0,0,0,0,0,0,0,1,0,0,0,0,0,0,1,0,0,0,0,0,0,0,0,0,0,1,0,0,0,0,0,0,0,0,0,0,0,0,0,0,0,0
Rocket League,2015/07/07,0.0,19.99,5.0,2927.0,7.9,85.0,88.0,['Psyonix LLC'],['Psyonix'],18890000,10000000,26400000,50.0,15.0,1.0,Estilizado,0,1,0,0,0,0,0,0,0,0,0,0,0,0,0,0,0,0,0,0,0,0,0,0,0,0,1,0,0,0,1,0,0,0,0,0,0,0,0,0,0,0,0,0,0,0,0,0,0,0,0,0,0,0,0,0,0,0,0,0,0,1,0,0,0,0,0,0,0,0,0,0,0
Sea of Stars,2023/08/29,0.0,34.99,2.0,1156.0,7.9,87.0,48.0,['Sabotage Studio'],['Sabotage Studio'],750000,500000,1000000,0.0,10.0,0.0,Pixel Art,26,0,1,0,0,0,0,0,0,0,0,1,0,0,0,0,0,0,0,0,0,0,1,0,0,0,0,0,0,0,0,0,0,0,0,0,0,0,0,0,0,0,0,0,0,0,0,1,0,0,0,0,0,0,0,0,0,0,0,0,0,0,0,0,0,0,0,0,0,0,0,0,0
Sekiro™: Shadows Die Twice,2019/03/22,17.0,59.99,0.0,6663.0,8.6,88.0,34.0,"['FromSoftware, Inc.']","['Activision (Excluding Japan and Asia)', 'FromSoftware, Inc. (Japan)', '方块游戏 (Asia)']",15000000,10000000,20000000,0.0,13.0,7.0,Realista,30,0,0,0,0,1,0,0,0,0,0,0,0,0,0,0,0,0,0,0,0,0,0,0,0,0,0,0,0,0,0,0,0,0,0,0,0,0,1,0,0,0,0,0,0,0,0,0,0,0,0,0,1,0,0,0,0,0,0,0,0,1,0,0,0,0,0,0,0,0,0,0,0
Senua's Saga: Hellblade II,2024/05/21,17.0,49.99,0.0,2779.0,7.4,81.0,12.0,['Ninja Theory'],['Xbox Game Studios'],1000000,,,65.0,27.0,1.0,Realista,7,1,0,0,1,0,0,0,0,0,0,0,0,0,0,0,0,0,0,1,0,0,0,0,0,0,0,0,0,0,0,0,1,0,0,0,0,0,0,0,0,0,0,0,0,0,0,0,0,0,0,0,0,0,0,0,0,0,0,0,0,1,0,0,0,0,0,1,0,0,0,0,0
Shovel Knight: Treasure Trove,2014/06/26,0.0,39.99,1.0,674.0,8.2,85.0,138.0,['Yacht Club Games'],['Yacht Club Games'],750000,500000,1000000,0.0,11.0,0.0,Pixel Art,25,1,0,0,1,0,0,0,1,0,0,0,0,0,0,0,0,0,0,0,0,0,0,0,0,0,0,0,0,0,0,0,0,0,0,0,0,0,0,0,0,0,0,0,0,0,0,0,0,1,0,0,0,0,0,0,0,0,0,0,0,0,0,0,0,0,0,0,0,0,1,0,0
Sifu,2022/02/08,17.0,15.99,3.0,1226.0,7.9,81.0,61.0,['Sloclap'],"['Sloclap', 'Kepler Interactive']",750000,500000,1000000,0.0,14.0,4.0,Estilizado,10,1,0,0,1,0,0,0,0,0,0,0,0,0,0,0,0,0,0,0,0,0,0,0,0,0,0,0,0,0,0,0,0,0,0,0,0,0,1,0,0,0,0,0,0,0,0,0,0,0,0,0,1,1,0,0,0,0,0,0,0,0,0,0,0,0,0,0,0,0,0,0,0
SILENT HILL 2,2024/10/08,17.0,69.99,0.0,4011.0,9.1,86.0,43.0,['Bloober Team SA'],['KONAMI'],350000,200000,500000,0.0,14.0,3.0,Realista,14,1,0,0,0,0,0,0,0,0,0,0,0,0,0,0,0,0,0,1,0,0,0,0,0,0,0,0,0,0,0,0,0,0,0,0,0,0,1,0,0,0,1,0,0,0,0,0,0,0,0,0,0,0,0,0,0,0,0,0,0,0,0,0,0,0,0,0,0,0,0,0,0
Skylanders: Imaginators,2016/10/13,10.0,74.99,5.0,82.0,6.3,79.0,43.0,['Toys for Bob'],['Activision'],1000000,,,80.0,11.0,11.0,Cartoon,8,0,0,1,0,0,0,0,0,0,0,0,0,0,0,0,0,0,0,0,0,0,0,0,0,0,0,0,0,0,0,0,0,0,0,0,0,0,0,0,0,0,0,0,0,0,0,0,0,1,0,0,0,0,0,0,0,0,0,1,0,0,0,0,0,0,0,0,0,0,1,0,0
Skylanders: SuperChargers,2015/09/20,10.0,74.99,0.0,78.0,5.5,81.0,40.0,"['Vicarious Visions', 'Beenox']",['Activision'],2000000,,,90.0,10.0,10.0,Cartoon,9,1,0,0,0,0,0,0,0,0,0,0,0,0,0,0,1,0,0,0,0,0,0,0,0,0,1,0,0,0,0,0,0,0,0,0,0,0,0,0,0,0,0,0,0,0,0,0,0,0,0,0,0,1,0,0,0,0,0,0,0,0,0,0,0,0,0,0,0,0,1,0,0
Skylanders: Trap Team,2014/09/30,10.0,69.99,4.0,111.0,7.5,78.0,46.0,"['Toys for Bob', 'Beenox', 'Vicarious Visions']",['Activision'],4000000,,,60.0,10.0,10.0,Cartoon,10,1,0,0,1,0,0,0,0,0,0,0,0,0,0,0,0,0,0,0,0,0,0,0,0,0,1,0,0,0,0,0,0,0,0,0,0,0,0,0,0,0,0,0,0,0,0,0,0,0,0,0,0,1,0,0,0,0,0,0,0,0,0,0,0,0,0,0,0,0,1,0,0
Sonic Mania,2017/08/15,0.0,19.99,1.0,951.0,8.5,84.0,18.0,"['Christian Whitehead', 'Headcannon', 'PagodaWest Games']",['SEGA'],1500000,1000000,2000000,0.0,9.0,0.0,Pixel Art,5,1,0,0,0,0,0,0,0,0,0,0,0,0,0,0,0,0,0,0,0,0,0,0,0,0,1,0,0,0,0,0,0,0,0,0,0,0,0,0,0,0,0,0,0,0,0,0,0,0,1,0,1,1,0,0,0,0,0,0,0,0,0,0,0,0,0,0,0,0,0,0,0
Sonic Superstars,2023/10/17,6.0,59.99,10.0,801.0,8.2,73.0,38.0,"['Arzest','Sonic Team']",['SEGA'],2430000,,,70.0,13.0,0.0,2.5D,5,1,0,0,1,0,0,0,0,0,0,0,0,0,1,0,0,0,0,0,0,0,0,0,0,0,1,0,0,0,0,0,0,0,0,0,0,0,0,0,0,0,0,0,0,0,0,1,0,0,0,0,0,1,0,0,0,0,0,0,0,0,0,0,0,0,0,0,0,0,0,0,0
South Park™: The Stick of Truth™,2014/03/04,0.0,7.49,2.0,2841.0,8.5,85.0,50.0,['Obsidian Entertainment'],['Ubisoft'],3500000,2000000,5000000,75.0,8.0,2.0,Cartoon,11,1,0,0,1,1,0,0,0,0,1,0,0,0,0,0,0,0,0,0,0,0,0,0,0,0,0,0,0,0,0,0,0,0,0,0,0,0,0,0,0,0,0,0,0,0,0,0,0,0,0,0,0,0,0,0,0,0,0,0,0,1,0,0,0,0,0,0,0,0,0,0,0
Spelunky 2,2020/09/15,0.0,19.99,1.0,146.0,7.9,91.0,32.0,"['Mossmouth', 'BlitWorks']",['Mossmouth'],1500000,1000000,2000000,0.0,13.0,0.0,Cartoon,25,0,0,0,1,0,0,0,0,0,0,0,0,0,0,0,0,0,0,1,0,0,0,0,0,0,0,0,0,0,0,0,0,0,0,0,0,0,1,0,0,0,0,0,0,0,0,0,0,0,0,0,0,1,0,0,0,0,0,0,0,0,1,0,0,0,0,0,0,0,0,0,0
Spiritfarer®,2020/08/18,13.0,29.99,3.0,349.0,8.2,84.0,39.0,['Thunder Lotus Games'],['Thunder Lotus Games'],1500000,,,90.0,13.0,0.0,Desenhado,25,0,0,0,1,0,0,0,0,0,0,0,0,0,0,0,0,0,0,0,0,0,0,0,0,0,0,0,0,0,0,0,0,0,0,0,0,0,1,0,0,0,0,0,0,0,0,0,0,0,0,0,0,0,0,0,0,0,1,0,0,0,0,0,0,1,0,0,0,0,0,0,0
Splatoon,2015/05/28,10.0,59.99,0.0,1523.0,8.7,81.0,0.0,['Nintendo EAD'],['Nintendo'],11960000,11960000,12000000,0.0,7.0,1.0,Cartoon,6,1,0,0,0,0,0,0,0,0,0,1,0,0,0,0,0,0,0,0,0,0,0,0,0,0,1,0,0,0,0,0,0,0,0,0,0,0,0,0,0,0,0,0,0,0,0,1,0,0,0,0,0,0,0,0,0,0,0,0,0,0,0,0,1,0,0,0,0,0,0,0,0
Splatoon 2,2017/07/21,10.0,59.99,0.0,1588.0,8.4,83.0,0.0,['Nintendo EPD'],['Nintendo'],13600000,,,0.0,3.0,3.0,Cartoon,6,1,0,0,0,0,0,0,0,0,0,1,0,0,0,0,0,0,0,0,0,0,0,0,0,0,1,0,0,0,0,0,0,0,0,0,0,0,0,0,0,0,0,0,0,0,0,1,0,0,0,0,0,0,0,0,0,0,0,0,0,0,0,0,1,0,0,0,0,0,0,0,0
Splatoon 3,2022/09/09,0.0,59.99,0.0,795.0,7.2,83.0,0.0,['Nintendo EPD'],['NIntendo'],11960000,,,0.0,11.0,11.0,Cartoon,8,1,0,0,0,0,0,0,0,0,0,1,0,0,0,0,0,0,0,0,0,0,0,0,0,0,1,0,0,0,0,0,0,0,0,0,0,0,0,0,0,0,0,0,0,0,0,1,0,0,0,0,0,0,0,0,0,0,0,0,0,0,0,0,1,0,0,0,0,0,0,0,0
Stardew Valley,2016/02/26,0.0,14.99,1.0,2981.0,8.8,89.0,49.0,['ConcernedApe'],['ConcernedApe'],35000000,20000000,50000000,0.0,12.0,0.0,Pixel Art,52,0,0,0,0,0,0,0,0,0,0,0,0,0,0,0,0,0,0,0,0,0,0,0,0,0,0,0,0,0,0,0,0,0,0,0,0,0,1,0,0,0,0,0,0,0,0,0,0,0,0,0,1,0,0,0,0,0,1,0,0,1,0,0,0,1,0,0,0,0,0,0,0
Starlink: Battle for Atlas,2018/10/16,0.0,7.49,2.0,256.0,7.7,74.0,41.0,['Ubisoft Toronto'],['Ubisoft'],75000,50000,100000,75.0,16.0,9.0,Realista,13,1,0,0,1,0,0,0,0,0,0,0,0,0,0,0,0,0,0,0,0,0,0,0,0,1,0,0,0,1,0,0,0,0,0,0,0,0,0,0,0,0,0,0,0,0,0,0,1,0,0,0,0,0,0,0,0,0,0,0,0,0,0,0,0,0,0,0,0,0,1,0,0
Stray,2022/07/19,0.0,29.99,1.0,3120.0,8.3,82.0,24.0,['BlueTwelve Studio'],['Annapurna Interactive'],7500000,5000000,10000000,0.0,16.0,0.0,Realista,5,0,0,0,1,0,0,0,0,0,0,0,0,0,0,0,0,0,0,0,0,0,0,0,0,1,0,0,0,1,0,0,0,0,0,0,0,0,1,0,0,0,0,0,0,0,0,0,0,0,0,0,0,0,0,0,0,0,0,0,0,0,0,0,0,1,0,0,0,0,0,0,0
Super Mario 3D World + Bowser's Fury,2021/02/12,0.0,59.99,0.0,1505.0,8.6,89.0,0.0,['Nintendo EPD'],['Nintendo'],13500000,,,0.0,15.0,15.0,Cartoon,13,1,0,0,1,0,0,0,0,0,0,0,0,0,1,0,0,0,0,0,0,0,0,0,0,0,1,0,0,0,0,0,0,0,0,0,0,0,0,0,0,0,0,0,0,0,0,1,0,0,0,0,0,1,0,0,0,0,0,0,0,0,0,0,0,0,0,0,0,0,0,0,0
Super Mario Bros. Wonder,2023/10/20,0.0,59.99,0.0,3066.0,8.9,92.0,0.0,['Nintendo EPD'],['Nintendo'],16000000,,,0.0,14.0,14.0,Cartoon,9,1,0,0,0,0,0,0,0,0,0,0,0,0,0,0,0,0,0,0,0,0,0,0,0,0,1,1,0,0,0,0,0,0,0,0,0,0,0,0,0,0,0,0,0,0,0,1,0,0,0,0,0,1,0,0,0,0,0,0,0,0,0,0,0,0,0,0,0,0,0,0,0
Super Mario Maker,2015/09/10,0.0,59.99,0.0,1030.0,8.6,88.0,0.0,"['Nintendo EAD', 'Nintendo EPD', 'Nintendo Software Technology']",['Nintendo'],6000000,4020000,6360000,0.0,7.0,1.0,Pixel Art,0,0,0,0,0,0,0,0,0,0,0,0,1,0,0,0,0,0,0,0,0,0,0,0,0,0,1,0,0,0,0,0,0,0,0,0,0,0,0,0,0,0,0,0,0,0,0,0,0,0,0,0,1,1,0,0,0,0,0,0,0,0,0,0,0,0,0,0,0,0,0,0,0
Super Mario Maker 2,2019/06/28,0.0,59.99,0.0,1307.0,8.3,88.0,0.0,['Nintendo EPD'],['Nintendo'],8500000,,,0.0,14.0,14.0,Pixel Art,5,1,0,0,0,0,0,0,0,0,0,0,1,0,0,0,0,0,0,0,0,0,0,0,0,0,1,0,0,0,0,0,0,0,0,0,0,0,0,0,0,0,0,0,0,0,0,1,0,0,0,0,0,1,0,0,0,0,0,0,0,0,0,0,0,0,0,0,0,0,0,0,0
Super Mario Odyssey,2017/10/27,10.0,59.99,0.0,10815.0,8.9,97.0,0.0,['Nintendo EPD'],['Nintendo'],30000000,,,0.0,14.0,14.0,Cartoon,12,1,0,0,1,0,0,0,0,0,0,0,0,0,0,0,0,0,0,0,0,0,0,0,0,0,1,0,0,0,0,0,0,0,0,0,0,0,0,0,0,0,0,0,0,0,0,0,1,0,0,0,0,1,0,0,0,0,0,0,0,0,0,1,0,0,0,0,0,0,0,0,0
Super Mario Party,2018/10/05,0.0,59.99,0.0,826.0,7.1,76.0,0.0,['NDcube'],['Nintendo'],21160000,21160000,21160000,0.0,14.0,14.0,Cartoon,2,0,0,0,0,0,0,0,0,0,0,0,0,0,0,0,0,0,0,0,0,0,0,0,0,0,1,0,0,0,0,0,0,0,0,0,0,0,0,0,0,0,0,0,0,0,0,1,0,0,0,1,0,0,0,0,0,0,0,0,0,0,0,0,0,0,0,0,0,0,0,0,0
Super Mario Party Jamboree,2024/10/17,0.0,59.99,0.0,350.0,8.2,82.0,0.0,['NDcube'],['Nintendo'],7500000,,,0.0,15.0,15.0,Cartoon,3,0,0,0,0,0,0,0,0,0,0,0,0,0,0,0,0,0,0,0,0,0,0,0,0,0,1,0,0,0,0,0,0,0,0,0,0,0,0,0,0,0,0,0,0,0,0,1,0,0,0,1,0,0,0,0,0,0,0,0,0,0,0,0,0,0,0,0,0,0,0,0,0
Super Smash Bros. Ultimate,2018/12/07,10.0,59.99,13.0,5065.0,8.7,93.0,0.0,"['Bandai Namco Studios','Sora Ltda.']",['Nintendo'],37000000,,,0.0,14.0,14.0,Cartoon,24,1,0,0,0,0,0,0,0,0,0,0,0,0,0,0,1,0,0,0,0,0,0,0,0,0,0,0,0,0,0,0,0,0,0,0,0,0,0,0,0,1,0,0,0,0,1,0,0,0,1,0,0,0,0,0,0,0,0,0,0,0,0,0,0,0,0,0,0,0,0,0,0
Tales from the Borderlands,2014/11/25,17.0,19.99,0.0,772.0,8.4,85.0,35.0,['Telltale Games'],['2K'],750000,500000,1000000,0.0,6.0,2.0,Cel-shaded,10,0,0,0,1,0,0,0,0,0,1,0,0,0,0,0,0,0,0,0,0,0,0,0,0,0,0,0,0,0,0,0,0,0,0,0,0,0,0,0,0,0,0,0,0,0,0,0,0,1,0,0,0,0,0,0,0,0,0,0,0,0,0,0,0,0,0,0,0,0,0,0,0
The Last of Us™ Part II,2020/06/19,18.0,49.99,0.0,166326.0,5.8,93.0,45.0,['Naughty Dog'],['PlayStation Publishing'],10000000,10000000,15000000,0.0,25.0,25.0,Realista,24,1,0,0,1,0,0,0,1,0,0,0,0,0,0,0,0,0,0,0,0,0,0,0,0,0,0,0,0,0,0,0,0,0,0,0,0,0,0,0,0,0,0,0,0,0,0,0,0,1,0,0,0,0,0,0,0,0,0,0,0,0,0,0,0,0,0,0,0,0,1,0,0
The Legend of Zelda: Breath of the Wild,2017/03/03,10.0,59.99,2.0,25485.0,8.9,97.0,0.0,['Nintendo EPD'],['Nintendo'],34510000,,,0.0,15.0,15.0,Cel-shaded,50,1,0,0,1,0,0,0,0,0,0,0,0,0,0,0,0,0,0,0,0,0,0,0,0,1,0,0,0,0,0,0,0,0,0,0,0,0,0,0,0,0,0,0,0,0,0,0,1,0,0,0,0,0,0,0,1,0,0,0,0,1,0,0,0,0,0,0,0,0,0,0,0
The Legend of Zelda: Echoes of Wisdom,2024/09/26,0.0,59.99,0.0,1142.0,8.4,85.0,0.0,"['Nintendo EPD', 'Grezzo']",['Nintendo'],2580000,2580000,2580000,0.0,12.0,12.0,Toy-like,19,1,0,0,1,0,0,0,0,0,0,0,0,0,0,0,0,0,0,0,0,0,0,0,0,0,1,0,0,0,0,0,0,0,0,0,0,0,0,0,0,0,0,0,0,0,0,0,1,0,0,0,0,0,0,0,1,0,0,0,0,0,0,0,0,0,0,0,0,0,0,0,0
The Legend of Zelda: Tears of the Kingdom,2023/05/12,12.0,69.99,0.0,13851.0,8.8,96.0,0.0,['Nintendo EPD'],['Nintendo'],21730000,21730000,21730000,0.0,11.0,11.0,Cel-shaded,59,1,0,0,1,0,0,0,0,0,0,0,0,0,0,0,0,0,0,0,0,0,0,0,0,1,0,1,0,0,0,0,0,0,0,0,0,0,0,0,0,0,0,0,0,0,0,0,1,0,0,0,0,0,0,0,1,0,0,0,0,0,0,0,0,0,0,0,0,0,0,0,0
The Messenger,2018/08/30,0.0,19.99,5.0,382.0,8.4,83.0,48.0,['Sabotage'],['Devolver Digital'],750000,500000,1000000,0.0,10.0,0.0,Pixel Art,12,1,0,0,0,0,0,0,0,0,0,0,0,0,0,0,0,0,0,0,0,0,0,0,0,0,0,0,0,0,0,0,0,0,0,0,0,0,1,0,0,0,0,0,1,0,0,0,0,0,0,0,1,1,0,0,0,0,0,0,0,0,0,0,0,0,0,0,0,0,0,0,0
The Outer Worlds,2019/10/25,17.0,29.99,5.0,1981.0,7.8,82.0,68.0,['Obsidian Entertainment'],['Private Division'],750000,500000,1000000,0.0,11.0,2.0,Realista,13,1,0,0,0,0,0,0,0,0,0,0,0,0,0,0,0,0,0,0,0,0,0,0,0,0,0,0,0,1,0,0,0,0,0,0,0,0,0,0,0,0,0,0,0,0,0,0,0,1,0,0,0,0,0,0,0,0,0,0,0,1,0,0,1,0,0,0,0,0,0,0,0
The Plucky Squire,2024/09/17,0.0,29.99,0.0,328.0,7.3,78.0,24.0,['All Possible Futures'],['Devolver Digital'],100000,95850,100000,0.0,11.0,11.0,Misto,9,1,0,0,1,0,0,0,0,0,0,0,0,0,0,0,0,0,0,0,0,0,0,0,0,0,0,1,0,0,0,0,0,0,0,0,0,0,1,0,0,0,0,0,0,0,0,0,0,0,0,0,0,1,0,0,0,0,0,0,0,0,0,0,0,0,0,0,0,0,0,0,0
The Vanishing of Ethan Carter,2014/09/25,0.0,19.99,1.0,919.0,7.8,82.0,14.0,['The Astronauts'],['The Astronauts'],750000,500000,1000000,0.0,7.0,3.0,Realista,3,0,0,0,1,0,0,0,0,0,0,0,0,0,0,0,0,0,0,0,0,0,0,0,0,1,0,0,0,0,0,0,0,0,0,0,0,0,0,0,0,0,0,0,0,1,0,0,0,1,0,0,0,0,0,0,0,0,0,0,0,0,0,0,0,0,0,0,0,0,0,0,0
The Walking Dead: Season Two,2014/12/17,17.0,14.99,0.0,1047.0,8.2,80.0,40.0,['Telltale Games'],['Skybound Games'],1500000,1000000,2000000,0.0,1.0,1.0,Cel-shaded,9,0,0,0,1,0,0,0,0,0,0,0,0,0,0,0,0,0,0,0,0,0,0,0,0,0,0,0,0,0,0,0,0,0,0,0,0,0,0,0,0,0,0,0,0,0,0,0,0,1,0,0,0,0,0,0,0,0,0,0,0,0,0,0,0,0,0,0,0,0,0,0,1
The Witcher 3: Wild Hunt,2015/05/18,17.0,39.99,22.0,18360.0,9.1,94.0,78.0,['CD PROJEKT RED'],['CD PROJEKT RED'],15000000,10000000,20000000,0.0,17.0,10.0,Realista,52,1,0,0,0,0,0,0,0,0,0,0,0,0,0,0,0,0,0,0,0,0,0,0,0,0,0,0,1,0,0,0,0,0,0,0,0,0,0,0,0,0,0,0,0,0,0,0,1,1,0,0,0,0,0,0,0,0,0,0,0,1,0,0,0,0,0,0,0,0,0,0,0
The Witness,2016/01/26,0.0,39.99,0.0,907.0,7.3,87.0,2.0,"['Thekla, Inc.']","['Thekla, Inc.']",1500000,1000000,2000000,0.0,15.0,2.0,Estilizado,17,0,0,0,0,0,0,0,0,0,0,0,0,0,0,0,0,0,0,0,0,0,0,0,0,1,0,0,0,0,0,0,0,0,0,0,0,0,1,0,0,0,0,0,0,1,0,0,0,0,0,0,0,0,0,0,1,0,0,0,0,0,0,0,0,0,0,0,0,0,0,0,0
The Wolf Among Us,2013/10/11,17.0,14.99,0.0,1345.0,8.7,85.0,35.0,['Telltale'],['Telltale'],1500000,1000000,2000000,0.0,1.0,1.0,Cel-shaded,8,0,0,0,1,0,0,0,0,0,0,0,0,0,0,0,0,0,1,0,0,0,0,0,0,0,0,0,0,0,0,0,0,0,0,0,0,0,0,0,0,0,0,0,0,1,0,0,0,1,0,0,0,0,0,0,0,0,0,0,0,0,0,0,0,0,0,0,0,0,0,0,0
Titanfall® 2,2016/10/28,0.0,29.99,5.0,3051.0,8.5,86.0,50.0,['Respawn Entertainment'],['Electronic Arts'],7500000,5000000,10000000,0.0,10.0,10.0,Realista,6,1,0,0,0,0,0,0,0,0,0,0,0,0,0,0,0,0,0,0,0,0,0,0,0,0,0,0,0,1,0,0,0,0,0,0,0,0,0,0,0,0,0,1,0,0,0,0,0,0,0,0,0,0,0,0,0,0,0,0,0,0,0,0,1,0,0,0,0,0,0,0,0
Tomodachi Life,2014/07/17,0.0,29.99,0.0,366.0,8.1,71.0,0.0,['Nintendo SPD'],['Nintendo'],6720000,,,0.0,6.0,6.0,Cartoon,0,0,0,0,0,0,0,1,0,0,1,0,0,0,0,0,0,0,0,0,0,0,0,0,0,0,1,0,0,0,0,0,0,0,0,0,0,0,0,0,0,0,0,0,0,0,0,0,0,0,0,0,0,0,0,0,0,0,0,0,0,0,0,0,0,1,0,0,0,0,0,0,0
Transistor,2014/05/20,0.0,19.99,1.0,752.0,8.2,83.0,33.0,['Supergiant Games'],['Supergiant Games'],1500000,1000000,2000000,0.0,10.0,2.0,Estilizado,6,0,0,0,0,0,0,0,0,0,0,0,0,0,0,0,0,0,0,0,0,0,0,0,1,0,0,0,0,1,0,0,0,0,0,0,0,0,0,1,0,0,0,0,0,0,0,0,0,0,1,0,0,0,0,0,0,0,0,0,0,1,0,0,0,0,0,0,0,0,0,0,0
TUNIC,2022/03/16,0.0,29.99,1.0,845.0,7.9,85.0,36.0,['TUNIC Team'],['Finji'],1500000,1000000,2000000,0.0,27.0,27.0,Low Poly,12,1,0,0,1,0,0,0,0,0,0,0,0,0,0,0,0,0,0,0,0,0,0,0,0,0,0,0,0,0,0,0,0,0,0,0,0,0,1,1,0,0,0,0,0,0,0,0,0,0,0,0,0,0,0,0,1,0,0,0,0,0,0,0,0,0,0,1,0,0,0,0,0
Twelve Minutes,2021/08/19,18.0,24.99,1.0,612.0,6.6,76.0,12.0,['Luis Antonio'],['Annapurna Interactive'],250000,,,60.0,15.0,1.0,Realista,4,0,0,0,1,0,0,0,0,0,0,0,0,0,0,0,0,0,0,0,0,0,0,0,0,0,0,0,0,0,0,0,0,0,0,0,0,0,0,0,0,1,0,0,0,1,0,0,0,0,0,0,0,0,0,0,1,0,0,0,0,0,0,0,0,0,0,0,0,0,0,0,0
UFO 50,2024/09/18,0.0,24.99,1.0,118.0,7.5,91.0,30.0,['Mossmouth'],['Mossmouth'],75000,50000,100000,0.0,6.0,0.0,Pixel Art,40,1,0,0,0,0,0,0,0,0,0,0,0,0,0,0,0,0,0,0,0,0,0,0,0,0,0,0,0,0,0,0,0,0,0,0,0,0,1,0,0,0,0,0,0,0,0,0,0,0,0,0,1,0,0,0,0,0,0,0,0,1,0,0,0,0,0,0,0,0,0,0,0
UNCHARTED™: A Thief's End,2016/05/10,0.0,49.99,0.0,1485.0,8.4,93.0,101.0,"['Naughty Dog LLC', 'Iron Galaxy Studios']",['PlayStation Publishing LLC'],750000,500000,1000000,0.0,22.0,13.0,Realista,15,1,0,0,1,0,0,0,1,0,0,0,0,0,0,0,0,0,0,0,0,0,0,0,0,1,0,0,0,0,0,0,0,0,0,0,0,0,0,0,0,0,0,0,0,0,0,0,0,1,0,0,0,0,0,0,0,0,0,0,0,0,0,0,1,0,0,0,0,0,0,0,0
Undertale,2015/09/15,0.0,9.99,1.0,7383.0,8.7,92.0,0.0,['tobyfox'],['tobyfox'],7500000,5000000,10000000,0.0,2.0,0.0,Pixel Art,6,0,0,0,0,0,0,0,0,0,0,0,0,0,0,0,0,0,0,0,0,0,0,0,0,0,0,0,0,0,0,0,0,0,0,0,0,0,1,0,0,0,0,0,0,0,0,0,0,1,1,0,1,0,0,0,0,0,0,0,0,1,0,0,0,0,0,0,0,0,0,0,0
Until Dawn™,2015/08/25,17.0,59.99,0.0,4305.0,8.3,79.0,29.0,['Ballistic Moon'],['PlayStation Publishing LLC'],75000,50000,100000,0.0,20.0,11.0,Realista,8,0,0,0,1,0,0,0,1,0,0,0,0,0,0,0,0,0,0,0,0,0,0,0,0,0,0,0,0,0,0,0,0,0,0,0,0,0,0,0,0,0,0,0,0,0,0,0,0,1,0,0,0,0,0,0,0,0,0,0,0,0,0,0,0,0,0,0,0,0,1,0,0
Untitled Goose Game,2019/09/20,0.0,19.99,0.0,372.0,7.7,79.0,25.0,['House House'],['Panic'],1500000,1000000,2000000,0.0,14.0,0.0,Minimalista,3,0,0,0,0,0,0,0,0,0,1,0,0,0,0,0,0,0,0,0,0,0,0,0,0,0,0,0,0,0,0,0,1,0,0,0,0,0,1,0,0,0,0,0,0,0,0,0,0,0,0,0,0,0,0,0,1,0,0,0,0,0,0,1,0,0,0,0,0,0,0,0,0
Valiant Hearts: The Great War™,2014/06/24,12.0,14.99,0.0,857.0,8.3,77.0,20.0,['Ubisoft Montpellier'],['Ubisoft'],1000000,,,75.0,11.0,6.0,Cartoon,7,0,0,0,1,0,0,0,0,0,0,0,0,0,0,0,0,0,0,0,0,0,0,0,0,0,0,0,0,0,0,0,0,0,1,0,0,0,0,0,0,0,0,0,0,0,0,0,0,1,0,0,0,0,0,0,1,0,0,0,0,0,0,0,0,0,0,0,0,0,0,0,0
Viewfinder,2023/07/18,0.0,24.99,0.0,146.0,7.9,84.0,46.0,['Sad Owl Studios'],['Thunderful Publishing'],150000,100000,200000,0.0,12.0,2.0,Surreal,4,0,0,0,1,0,0,0,0,0,0,0,0,0,0,0,0,0,0,0,0,0,0,0,0,1,0,0,0,0,0,0,0,0,0,0,0,0,1,0,0,0,0,0,0,0,0,0,0,0,0,0,0,0,0,0,1,0,0,0,0,0,0,0,0,0,0,0,0,0,0,0,0
WarioWare: Get It Together!,2021/09/10,10.0,49.99,0.0,181.0,7.5,76.0,0.0,['Intelligent Systems'],['Nintendo'],1340000,,,0.0,14.0,14.0,Cartoon,2,1,1,0,0,0,0,0,0,0,0,0,0,0,0,0,0,0,0,0,0,0,0,0,0,0,0,0,0,0,0,0,0,0,0,0,0,0,0,0,0,0,0,0,0,0,0,1,0,0,0,1,0,0,0,0,0,0,0,0,0,0,0,0,0,0,0,0,0,0,0,0,0
What Remains of Edith Finch,2017/04/25,0.0,19.99,1.0,1434.0,8.4,89.0,9.0,['Giant Sparrow'],['Annapurna Interactive'],750000,500000,1000000,0.0,11.0,2.0,Realista,2,0,0,0,1,0,0,0,0,0,0,0,0,0,0,0,0,0,0,0,0,0,0,0,0,0,0,0,0,0,0,0,0,0,0,0,0,0,1,0,0,0,0,0,0,1,0,0,0,1,0,0,0,0,0,0,0,0,0,0,0,0,0,0,0,0,0,0,0,0,0,0,0
Wolfenstein II: The New Colossus,2017/10/27,17.0,39.99,4.0,1952.0,7.4,86.0,80.0,['Machine Games'],['Bethesda Softworks'],1500000,1000000,2000000,0.0,10.0,8.0,Realista,11,1,0,0,0,0,0,0,0,0,0,0,0,0,0,0,0,0,0,0,0,0,0,0,0,0,0,0,0,0,0,0,0,0,0,0,1,0,0,0,0,0,0,0,0,0,0,0,0,1,0,0,0,0,0,0,0,0,0,0,0,0,0,0,1,0,0,0,0,0,0,0,0
Wolfenstein: The New Order,2014/05/19,16.0,19.99,1.0,2252.0,8.1,81.0,50.0,['MachineGames'],['Bethesda Softworks'],3500000,2000000,5000000,0.0,7.0,6.0,Realista,11,1,0,0,0,0,0,0,0,0,0,0,0,0,0,0,0,0,0,0,0,0,0,0,0,0,0,0,0,1,0,0,0,0,0,0,1,0,0,0,0,0,0,0,0,0,0,0,0,0,0,0,0,0,0,0,0,0,0,0,0,0,0,0,1,0,0,0,0,0,0,0,0
Xenoblade Chronicles 3,2022/07/29,12.0,59.99,1.0,1748.0,8.8,89.0,0.0,['Monolith Soft'],['Nintendo'],1860000,1860000,2000000,0.0,9.0,2.0,Anime,62,1,0,0,1,0,0,0,0,0,0,0,0,0,0,0,0,0,0,0,0,0,0,0,0,0,0,0,0,0,0,0,0,0,0,0,0,0,0,0,0,0,0,0,0,0,0,0,1,1,0,0,0,0,0,0,0,0,0,0,0,1,0,0,0,0,0,0,0,0,0,0,0
Yoshi's Crafted World,2019/03/29,0.0,59.99,0.0,445.0,8.1,79.0,0.0,['Good-Feel'],['Nintendo'],3350000,3350000,4000000,0.0,14.0,14.0,Artesanal,8,0,0,0,1,0,0,0,0,0,0,0,0,0,1,0,0,0,0,0,0,0,0,0,0,0,1,0,0,0,0,0,0,0,0,0,0,0,0,0,0,0,0,0,0,0,0,1,0,0,0,0,0,1,0,0,0,0,0,0,0,0,0,0,0,0,0,0,0,0,0,0,0
Clair Obscur: Expedition 33,2025/04/24,17.0,49.99,1.0,22166.0,9.6,92.0,55.0,['Sandfall Interactive'],['Kepler Interactive'],4000000,,,20.0,12.0,2.0,Realista,29,1,0,1,1,1,0,0,1,1,0,0,0,0,0,0,0,0,0,0,0,0,0,0,1,1,0,1,1,0,0,0,0,0,0,0,0,0,1,0,0,0,0,0,0,1,0,0,0,1,0,0,0,0,0,0,0,0,0,0,1,1,0,0,0,0,1,0,0,1,0,0,0
Death Stranding 2: On the Beach,2025/06/26,17.0,69.99,0.0,3253.0,8.8,89.0,55.0,['KOJIMA PRODUCTIONS'],['Sony Interactive Entertainment'],1400000,,,29.0,20.0,12.0,Realista,35,1,0,1,1,0,0,0,1,1,0,0,1,0,1,0,0,0,0,0,0,0,0,0,0,1,0,0,0,1,0,0,1,0,0,0,0,0,0,0,0,0,0,0,0,1,0,1,1,1,1,0,0,0,0,1,0,0,1,0,0,1,0,0,1,1,1,0,0,1,1,0,0
Donkey Kong Bananza,2025/07/17,7.0,69.99,1.0,2405.0,8.9,91.0,0.0,['Nintendo EPD'],['Nintendo'],3490000,,,25.0,17.0,13.0,Cartoon,12,1,0,0,1,0,0,0,0,0,0,0,0,0,1,0,0,0,0,1,0,0,0,1,0,0,1,0,0,0,0,0,0,0,0,0,0,0,0,0,0,0,0,0,0,0,0,1,0,0,1,0,0,1,0,0,0,0,0,0,0,0,0,0,0,0,0,0,0,0,0,0,0
Hades II,2025/09/25,13.0,29.99,0.0,997.0,8.6,95.0,50.0,['Supergiant Games'],['Supergiant Games'],3240000,,,20.0,16.0,1.0,Desenhado,30,1,0,1,1,0,0,0,0,1,0,0,0,0,0,0,0,0,0,1,0,0,0,1,0,0,0,1,1,0,0,0,0,0,0,1,0,0,1,1,0,1,0,0,0,0,1,0,0,1,1,0,0,0,0,0,0,0,0,0,0,1,1,0,0,0,1,0,0,1,0,0,0
Hollow Knight: Silksong,2025/09/04,7.0,19.99,0.0,5947.0,8.9,90.0,52.0,['Team Cherry'],['Team Cherry'],7000000,,,0.0,10.0,10.0,Desenhado,28,1,0,1,1,0,0,0,0,1,0,0,0,0,0,0,0,0,0,1,0,0,0,1,0,1,0,1,1,0,0,0,0,0,0,1,0,0,1,0,0,0,0,0,1,1,0,0,0,1,1,0,0,1,0,0,0,0,0,0,0,1,0,0,0,0,1,1,0,1,0,0,0
Kingdom Come: Deliverance II,2025/02/04,17.0,59.99,10.0,3962.0,8.7,88.0,48.0,['Warhorse Studios'],['Deep Silver'],3340000,,,40.0,15.0,6.0,Realista,55,1,0,1,1,0,0,0,1,1,0,0,0,0,0,0,0,0,0,1,0,0,0,0,0,1,0,0,0,0,0,0,1,0,1,0,1,0,0,0,0,0,0,0,0,0,0,0,1,1,1,0,0,0,0,0,0,0,0,0,0,1,0,1,0,1,1,0,0,0,0,0,0
Ghost of Yōtei,2025/10/02,17.0,69.99,1.0,2443.0,8.2,86.0,54.0,['Sucker Punch Productions'],['Sony Interactive Entertainment'],3300000,,,15.0,26.0,11.0,Realista,28,1,0,1,1,0,0,0,1,1,0,0,0,0,0,0,0,0,0,0,0,0,0,0,0,1,0,0,0,0,0,0,1,0,0,1,1,0,0,0,0,0,0,0,0,0,0,0,1,1,1,0,0,0,0,0,0,0,1,0,0,1,0,0,0,0,0,0,0,0,0,0,0
Silent Hill f,2025/09/25,17.0,69.99,6.0,1591.0,6.8,86.0,56.0,['NeoBards Entertainment'],['Konami Digital Entertainment'],547200,,,20.0,13.0,2.0,Realista,10,0,0,1,1,0,0,0,1,1,0,0,0,0,0,0,0,0,0,0,0,0,0,1,0,1,0,0,0,0,0,0,0,0,0,0,1,0,0,0,0,0,0,0,0,1,0,0,0,1,1,0,0,0,0,1,1,0,0,0,0,0,0,0,0,0,1,0,0,1,1,0,0
Blue Prince,2025/04/10,10.0,29.99,0.0,755.0,7.8,92.0,16.0,['Dogubomb'],['Raw Fury'],603500,,,34.0,1.0,1.0,Estilizado,10,0,0,1,1,0,0,0,0,0,0,0,1,0,0,0,0,0,1,0,0,0,0,1,1,1,0,0,0,0,0,0,0,0,0,0,0,0,1,0,0,0,0,0,0,1,0,0,0,1,0,0,0,0,0,0,1,0,0,0,0,0,1,0,0,0,0,0,0,0,0,0,0
BALL X PIT,2025/10/15,12.0,14.99,1.0,116.0,8.7,84.0,63.0,['Kenny Sun'],['Devolver Digital'],862100,,,0.0,10.0,0.0,Pixel Art,8,1,1,0,0,0,1,0,0,1,0,0,1,0,0,0,0,0,0,1,0,0,0,0,1,0,0,1,0,0,0,0,0,0,0,0,0,0,1,0,0,0,0,0,0,0,0,0,0,0,0,0,1,0,0,0,1,0,0,0,0,1,1,0,0,1,0,0,0,0,0,0,0
Absolum,2025/10/09,12.0,24.99,0.0,125.0,8.3,87.0,38.0,"['Guard Crush Games, Supamonks']",['Dotemu'],222600,,,15.0,12.0,1.0,Realista,4,0,0,1,1,0,0,0,0,0,0,0,0,0,0,0,0,0,0,0,0,0,0,0,0,1,0,0,0,1,0,0,1,0,0,0,0,0,1,0,0,0,0,0,0,1,0,0,0,1,0,0,0,0,0,1,1,0,0,0,0,0,0,0,0,1,1,0,0,0,1,0,0
Lego Party,2025/09/30,0.0,39.99,1.0,19.0,9.3,81.0,34.0,['SMG Studio'],['Fictions'],67800,,,10.0,13.0,4.0,LEGO,5,1,1,0,0,0,1,1,0,1,1,1,0,0,1,0,1,1,0,0,0,0,0,0,0,0,1,0,0,0,0,0,0,0,0,0,0,0,0,0,0,0,1,0,0,0,0,1,0,0,0,1,0,1,0,0,0,0,0,0,0,0,0,0,0,0,0,0,0,0,0,0,0
Lego Voyagers,2025/09/15,0.0,24.99,1.0,20.0,7.5,79.0,39.0,['Light Brick Studios'],['Annapurna Interactive'],118800,,,20.0,14.0,0.0,LEGO,12,1,0,0,1,0,0,1,1,1,1,0,0,0,1,0,0,0,0,0,0,0,0,1,0,1,1,1,0,1,0,0,0,0,0,0,0,0,0,0,1,0,0,0,0,0,1,0,1,0,0,0,1,0,0,0,0,0,0,0,1,0,0,0,0,0,0,0,0,0,0,0,0
Mario Kart World,2025/06/05,0.0,79.99,0.0,2882.0,6.9,86.0,0.0,['Nintendo EPD'],['Nintendo'],9570000,,,20.0,16.0,1.0,Cartoon,5,1,1,0,0,0,1,1,0,1,0,1,0,1,1,1,0,1,0,0,0,0,1,1,0,0,1,1,0,0,0,0,0,0,0,0,0,0,0,0,0,0,0,0,0,0,0,1,0,0,1,1,0,0,0,0,0,0,0,0,0,0,0,0,0,0,0,0,0,0,0,0,0
Sonic Racing: CrossWorlds,2025/09/25,0.0,69.99,6.0,691.0,8.9,82.0,44.0,['Sonic Team'],['SEGA'],324700,,,0.0,14.0,6.0,Cartoon,15,1,1,0,0,0,1,1,0,1,0,1,0,0,1,1,0,1,0,0,0,0,1,1,0,0,1,1,0,1,0,0,0,0,0,0,0,0,0,0,0,0,0,0,0,0,0,0,1,0,0,1,1,0,0,0,0,0,0,0,0,0,0,0,0,0,0,0,0,0,0,0,0
Split Fiction,2025/03/06,13.0,49.99,1.0,1862.0,8.7,91.0,20.0,['Hazelight Studios'],['Electronic Arts'],5590000,,,20.0,11.0,7.0,Realista,8,1,0,1,0,0,1,0,0,1,0,0,0,0,0,0,0,0,0,1,0,0,0,1,0,0,0,0,0,1,0,0,0,0,0,0,0,1,1,0,0,0,0,0,0,0,0,0,0,0,0,0,0,1,0,1,1,0,0,0,0,0,0,0,1,0,0,0,0,0,0,0,0
Elden Ring: Shadow of Erdtree,2024/06/20,16.0,39.99,0.0,4306.0,8.2,94.0,0.0,"['FromSoftware, Inc.']","['FromSoftware, Inc.', 'Bandai Namco Entertainment']",10000000,20000000,50000000,0.0,15.0,2.0,Realista,25,1,0,0,0,0,0,0,0,0,0,0,0,0,0,0,0,0,0,1,0,0,0,0,0,0,0,0,1,0,0,0,0,0,0,0,0,0,0,0,0,0,0,0,0,0,0,0,1,0,0,0,0,0,0,0,0,0,0,0,0,1,0,0,0,0,0,1,0,0,0,0,0